supplier_id,supplier_name,product_id,delivery_date,expected_date,delay_days,supplier_rating,transportation_cost,delivery_date_year,delivery_date_month,delivery_date_day,delivery_date_weekday,delivery_date_quarter,expected_date_year,expected_date_month,expected_date_day,expected_date_weekday,expected_date_quarter
S004,Supplier 4,P004,2024-08-02,2024-08-01,1,4.1,597,2024.0,8.0,2.0,Friday,3.0,2024,8,1,Thursday,3
S001,Supplier 1,P002,2024-02-21,2024-02-21,0,3.2,667,2024.0,2.0,21.0,Wednesday,1.0,2024,2,21,Wednesday,1
S002,Supplier 2,P005,2024-03-24,2024-03-24,3,3.2,1528,2024.0,3.0,24.0,Sunday,1.0,2024,3,24,Sunday,1
S001,Supplier 1,P004,2024-02-13,2024-02-13,3,3.5,1642,2024.0,2.0,13.0,Tuesday,1.0,2024,2,13,Tuesday,1
S004,Supplier 4,P005,2024-05-09,2024-05-07,2,3.0,3787,2024.0,5.0,9.0,Thursday,2.0,2024,5,7,Tuesday,2
S001,Supplier 1,P004,2024-03-02,2024-03-01,1,4.8,4485,2024.0,3.0,2.0,Saturday,1.0,2024,3,1,Friday,1
S002,Supplier 2,P006,2025-01-05,2024-12-30,6,3.6,4860,2025.0,1.0,5.0,Sunday,1.0,2024,12,30,Monday,4
S003,Supplier 3,P003,2024-10-10,2024-10-08,2,3.6,1560,2024.0,10.0,10.0,Thursday,4.0,2024,10,8,Tuesday,4
S001,Supplier 1,P002,2024-11-05,2024-11-02,3,3.4,3913,2024.0,11.0,5.0,Tuesday,4.0,2024,11,2,Saturday,4
S004,Supplier 4,P001,2024-05-01,2024-04-26,5,4.4,3840,2024.0,5.0,1.0,Wednesday,2.0,2024,4,26,Friday,2
S002,Supplier 2,P001,2024-01-16,2024-01-15,1,3.1,2814,2024.0,1.0,16.0,Tuesday,1.0,2024,1,15,Monday,1
S004,Supplier 4,P006,2024-12-11,2024-12-08,3,4.9,1445,2024.0,12.0,11.0,Wednesday,4.0,2024,12,8,Sunday,4
S001,Supplier 1,P002,2024-11-08,2024-11-07,1,4.8,3237,2024.0,11.0,8.0,Friday,4.0,2024,11,7,Thursday,4
S001,Supplier 1,P001,2024-08-23,2024-08-23,0,3.7,2601,2024.0,8.0,23.0,Friday,3.0,2024,8,23,Friday,3
S003,Supplier 3,P002,2024-05-26,2024-05-22,4,4.0,2465,2024.0,5.0,26.0,Sunday,2.0,2024,5,22,Wednesday,2
S004,Supplier 4,P003,2024-07-06,2024-06-30,6,3.0,714,2024.0,7.0,6.0,Saturday,3.0,2024,6,30,Sunday,2
S001,Supplier 1,P006,2024-04-26,2024-04-26,0,4.2,3778,2024.0,4.0,26.0,Friday,2.0,2024,4,26,Friday,2
S004,Supplier 4,P002,2024-01-16,2024-01-14,2,3.0,2256,2024.0,1.0,16.0,Tuesday,1.0,2024,1,14,Sunday,1
S001,Supplier 1,P004,2024-08-17,2024-08-17,3,4.3,2509,2024.0,8.0,17.0,Saturday,3.0,2024,8,17,Saturday,3
S003,Supplier 3,P006,2024-05-03,2024-05-03,0,4.8,914,2024.0,5.0,3.0,Friday,2.0,2024,5,3,Friday,2
S002,Supplier 2,P002,2024-02-12,2024-02-10,2,4.6,1546,2024.0,2.0,12.0,Monday,1.0,2024,2,10,Saturday,1
S003,Supplier 3,P005,2024-04-24,2024-04-20,4,4.0,2762,2024.0,4.0,24.0,Wednesday,2.0,2024,4,20,Saturday,2
S001,Supplier 1,P003,2025-01-04,2024-12-30,5,4.8,592,2025.0,1.0,4.0,Saturday,1.0,2024,12,30,Monday,4
S003,Supplier 3,P006,2024-07-26,2024-07-26,3,3.5,2013,2024.0,7.0,26.0,Friday,3.0,2024,7,26,Friday,3
S003,Supplier 3,P006,2024-10-26,2024-10-20,6,4.5,1171,2024.0,10.0,26.0,Saturday,4.0,2024,10,20,Sunday,4
S002,Supplier 2,P006,2024-11-12,2024-11-12,3,4.4,2646,2024.0,11.0,12.0,Tuesday,4.0,2024,11,12,Tuesday,4
S003,Supplier 3,P003,2024-01-09,2024-01-05,4,3.9,2714,2024.0,1.0,9.0,Tuesday,1.0,2024,1,5,Friday,1
S004,Supplier 4,P001,2024-11-07,2024-11-03,4,4.8,1028,2024.0,11.0,7.0,Thursday,4.0,2024,11,3,Sunday,4
S002,Supplier 2,P002,2024-06-08,2024-06-08,3,4.6,929,2024.0,6.0,8.0,Saturday,2.0,2024,6,8,Saturday,2
S001,Supplier 1,P004,2024-02-12,2024-02-12,0,4.8,3538,2024.0,2.0,12.0,Monday,1.0,2024,2,12,Monday,1
S003,Supplier 3,P003,2024-03-25,2024-03-25,3,4.0,2385,2024.0,3.0,25.0,Monday,1.0,2024,3,25,Monday,1
S004,Supplier 4,P002,2024-11-13,2024-11-06,7,4.0,1058,2024.0,11.0,13.0,Wednesday,4.0,2024,11,6,Wednesday,4
S002,Supplier 2,P004,2024-06-18,2024-06-15,3,3.1,4186,2024.0,6.0,18.0,Tuesday,2.0,2024,6,15,Saturday,2
S002,Supplier 2,P001,2024-10-21,2024-10-21,3,4.0,3460,2024.0,10.0,21.0,Monday,4.0,2024,10,21,Monday,4
S003,Supplier 3,P001,2024-09-23,2024-09-17,6,4.8,2520,2024.0,9.0,23.0,Monday,3.0,2024,9,17,Tuesday,3
S001,Supplier 1,P005,2024-09-07,2024-09-07,0,4.7,4311,2024.0,9.0,7.0,Saturday,3.0,2024,9,7,Saturday,3
S002,Supplier 2,P001,2024-07-10,2024-07-09,1,3.3,1729,2024.0,7.0,10.0,Wednesday,3.0,2024,7,9,Tuesday,3
S002,Supplier 2,P005,2024-02-04,2024-02-02,2,4.3,1794,2024.0,2.0,4.0,Sunday,1.0,2024,2,2,Friday,1
S001,Supplier 1,P002,2024-09-27,2024-09-20,7,3.6,4444,2024.0,9.0,27.0,Friday,3.0,2024,9,20,Friday,3
S002,Supplier 2,P004,2024-05-25,2024-05-21,4,3.3,2774,2024.0,5.0,25.0,Saturday,2.0,2024,5,21,Tuesday,2
S001,Supplier 1,P003,2024-11-21,2024-11-14,7,4.7,1304,2024.0,11.0,21.0,Thursday,4.0,2024,11,14,Thursday,4
S003,Supplier 3,P005,2024-05-21,2024-05-19,2,4.9,3761,2024.0,5.0,21.0,Tuesday,2.0,2024,5,19,Sunday,2
S004,Supplier 4,P002,2024-04-30,2024-04-29,1,3.1,3749,2024.0,4.0,30.0,Tuesday,2.0,2024,4,29,Monday,2
S002,Supplier 2,P003,2024-12-08,2024-12-04,4,3.9,2494,2024.0,12.0,8.0,Sunday,4.0,2024,12,4,Wednesday,4
S002,Supplier 2,P004,2024-04-07,2024-04-07,3,4.7,1194,2024.0,4.0,7.0,Sunday,2.0,2024,4,7,Sunday,2
S001,Supplier 1,P002,2024-10-31,2024-10-25,6,3.2,685,2024.0,10.0,31.0,Thursday,4.0,2024,10,25,Friday,4
S003,Supplier 3,P003,2024-08-16,2024-08-11,5,3.7,1287,2024.0,8.0,16.0,Friday,3.0,2024,8,11,Sunday,3
S001,Supplier 1,P006,2024-02-09,2024-02-08,1,3.4,3327,2024.0,2.0,9.0,Friday,1.0,2024,2,8,Thursday,1
S003,Supplier 3,P005,2024-12-09,2024-12-07,2,3.5,3368,2024.0,12.0,9.0,Monday,4.0,2024,12,7,Saturday,4
S002,Supplier 2,P002,2024-04-12,2024-04-08,4,3.9,4184,2024.0,4.0,12.0,Friday,2.0,2024,4,8,Monday,2
S001,Supplier 1,P004,2024-01-19,2024-01-12,7,3.5,3593,2024.0,1.0,19.0,Friday,1.0,2024,1,12,Friday,1
S001,Supplier 1,P005,2024-07-05,2024-06-28,7,4.0,4407,2024.0,7.0,5.0,Friday,3.0,2024,6,28,Friday,2
S002,Supplier 2,P006,2024-11-11,2024-11-11,3,3.5,3477,2024.0,11.0,11.0,Monday,4.0,2024,11,11,Monday,4
S002,Supplier 2,P003,2024-10-26,2024-10-26,0,4.8,4228,2024.0,10.0,26.0,Saturday,4.0,2024,10,26,Saturday,4
S001,Supplier 1,P004,2024-04-06,2024-03-30,7,3.1,996,2024.0,4.0,6.0,Saturday,2.0,2024,3,30,Saturday,1
S004,Supplier 4,P004,2024-01-27,2024-01-27,3,4.6,4953,2024.0,1.0,27.0,Saturday,1.0,2024,1,27,Saturday,1
S002,Supplier 2,P001,2024-01-22,2024-01-17,5,3.6,2384,2024.0,1.0,22.0,Monday,1.0,2024,1,17,Wednesday,1
S003,Supplier 3,P003,2024-04-01,2024-03-26,6,3.2,2277,2024.0,4.0,1.0,Monday,2.0,2024,3,26,Tuesday,1
S003,Supplier 3,P005,2024-11-01,2024-10-31,1,5.0,3460,2024.0,11.0,1.0,Friday,4.0,2024,10,31,Thursday,4
S003,Supplier 3,P005,2024-12-04,2024-11-27,7,3.2,1460,2024.0,12.0,4.0,Wednesday,4.0,2024,11,27,Wednesday,4
S004,Supplier 4,P002,2024-08-23,2024-08-23,0,3.9,2243,2024.0,8.0,23.0,Friday,3.0,2024,8,23,Friday,3
S003,Supplier 3,P002,2024-10-08,2024-10-01,7,3.1,3795,2024.0,10.0,8.0,Tuesday,4.0,2024,10,1,Tuesday,4
S001,Supplier 1,P003,2024-04-25,2024-04-20,5,3.7,3913,2024.0,4.0,25.0,Thursday,2.0,2024,4,20,Saturday,2
S004,Supplier 4,P001,2024-12-19,2024-12-16,3,4.8,1596,2024.0,12.0,19.0,Thursday,4.0,2024,12,16,Monday,4
S002,Supplier 2,P006,2024-06-27,2024-06-20,7,3.4,733,2024.0,6.0,27.0,Thursday,2.0,2024,6,20,Thursday,2
S003,Supplier 3,P001,2024-12-14,2024-12-07,7,4.8,3869,2024.0,12.0,14.0,Saturday,4.0,2024,12,7,Saturday,4
S004,Supplier 4,P006,2024-09-19,2024-09-18,1,4.9,1493,2024.0,9.0,19.0,Thursday,3.0,2024,9,18,Wednesday,3
S001,Supplier 1,P002,2024-04-23,2024-04-18,5,3.4,1752,2024.0,4.0,23.0,Tuesday,2.0,2024,4,18,Thursday,2
S004,Supplier 4,P002,2024-11-18,2024-11-14,4,3.6,1806,2024.0,11.0,18.0,Monday,4.0,2024,11,14,Thursday,4
S004,Supplier 4,P002,2024-02-09,2024-02-07,2,4.6,3743,2024.0,2.0,9.0,Friday,1.0,2024,2,7,Wednesday,1
S001,Supplier 1,P004,2024-08-21,2024-08-21,3,4.7,3068,2024.0,8.0,21.0,Wednesday,3.0,2024,8,21,Wednesday,3
S004,Supplier 4,P002,2024-10-08,2024-10-08,3,3.7,4710,2024.0,10.0,8.0,Tuesday,4.0,2024,10,8,Tuesday,4
S002,Supplier 2,P002,2024-09-01,2024-08-26,6,3.2,3654,2024.0,9.0,1.0,Sunday,3.0,2024,8,26,Monday,3
S001,Supplier 1,P002,2024-11-01,2024-11-01,0,4.4,4498,2024.0,11.0,1.0,Friday,4.0,2024,11,1,Friday,4
S004,Supplier 4,P001,2024-08-24,2024-08-24,0,3.5,2828,2024.0,8.0,24.0,Saturday,3.0,2024,8,24,Saturday,3
S002,Supplier 2,P004,2024-11-30,2024-11-29,1,4.1,2007,2024.0,11.0,30.0,Saturday,4.0,2024,11,29,Friday,4
S004,Supplier 4,P003,2024-12-14,2024-12-09,5,4.2,4462,2024.0,12.0,14.0,Saturday,4.0,2024,12,9,Monday,4
S001,Supplier 1,P003,2024-05-14,2024-05-12,2,5.0,901,2024.0,5.0,14.0,Tuesday,2.0,2024,5,12,Sunday,2
S003,Supplier 3,P006,2024-08-11,2024-08-04,7,3.7,4607,2024.0,8.0,11.0,Sunday,3.0,2024,8,4,Sunday,3
S003,Supplier 3,P006,2024-07-27,2024-07-27,0,4.0,2962,2024.0,7.0,27.0,Saturday,3.0,2024,7,27,Saturday,3
S001,Supplier 1,P001,2024-04-24,2024-04-19,5,3.3,2164,2024.0,4.0,24.0,Wednesday,2.0,2024,4,19,Friday,2
S001,Supplier 1,P004,2024-02-07,2024-01-31,7,4.3,4153,2024.0,2.0,7.0,Wednesday,1.0,2024,1,31,Wednesday,1
S003,Supplier 3,P005,2024-04-24,2024-04-20,4,4.9,4748,2024.0,4.0,24.0,Wednesday,2.0,2024,4,20,Saturday,2
S002,Supplier 2,P002,2024-02-23,2024-02-16,7,4.0,3319,2024.0,2.0,23.0,Friday,1.0,2024,2,16,Friday,1
S003,Supplier 3,P006,2024-03-14,2024-03-07,7,4.3,839,2024.0,3.0,14.0,Thursday,1.0,2024,3,7,Thursday,1
S004,Supplier 4,P003,2024-02-01,2024-02-01,0,4.6,2802,2024.0,2.0,1.0,Thursday,1.0,2024,2,1,Thursday,1
S004,Supplier 4,P003,2024-03-08,2024-03-01,7,4.0,1660,2024.0,3.0,8.0,Friday,1.0,2024,3,1,Friday,1
S002,Supplier 2,P002,2024-10-26,2024-10-26,0,3.8,763,2024.0,10.0,26.0,Saturday,4.0,2024,10,26,Saturday,4
S003,Supplier 3,P006,2024-09-27,2024-09-21,6,4.1,4228,2024.0,9.0,27.0,Friday,3.0,2024,9,21,Saturday,3
S003,Supplier 3,P003,2024-05-18,2024-05-18,0,5.0,2799,2024.0,5.0,18.0,Saturday,2.0,2024,5,18,Saturday,2
S002,Supplier 2,P002,2024-04-29,2024-04-27,2,3.9,3824,2024.0,4.0,29.0,Monday,2.0,2024,4,27,Saturday,2
S003,Supplier 3,P001,2024-07-25,2024-07-22,3,4.8,1395,2024.0,7.0,25.0,Thursday,3.0,2024,7,22,Monday,3
S001,Supplier 1,P002,2024-09-28,2024-09-26,2,4.4,4269,2024.0,9.0,28.0,Saturday,3.0,2024,9,26,Thursday,3
S002,Supplier 2,P003,2024-11-20,2024-11-16,4,3.3,2115,2024.0,11.0,20.0,Wednesday,4.0,2024,11,16,Saturday,4
S001,Supplier 1,P004,2024-04-28,2024-04-22,6,4.0,2941,2024.0,4.0,28.0,Sunday,2.0,2024,4,22,Monday,2
S004,Supplier 4,P006,2024-01-18,2024-01-15,3,3.3,2250,2024.0,1.0,18.0,Thursday,1.0,2024,1,15,Monday,1
S002,Supplier 2,P006,2024-04-04,2024-04-01,3,3.9,4404,2024.0,4.0,4.0,Thursday,2.0,2024,4,1,Monday,2
S002,Supplier 2,P001,2024-09-03,2024-09-02,1,3.6,3263,2024.0,9.0,3.0,Tuesday,3.0,2024,9,2,Monday,3
S003,Supplier 3,P004,2024-01-24,2024-01-17,7,3.8,1898,2024.0,1.0,24.0,Wednesday,1.0,2024,1,17,Wednesday,1
S003,Supplier 3,P003,2024-02-04,2024-01-29,6,4.2,1875,2024.0,2.0,4.0,Sunday,1.0,2024,1,29,Monday,1
S002,Supplier 2,P005,2024-02-09,2024-02-03,6,4.1,3616,2024.0,2.0,9.0,Friday,1.0,2024,2,3,Saturday,1
S001,Supplier 1,P005,2024-06-23,2024-06-20,3,4.3,2261,2024.0,6.0,23.0,Sunday,2.0,2024,6,20,Thursday,2
S001,Supplier 1,P002,2024-04-11,2024-04-11,0,3.3,1223,2024.0,4.0,11.0,Thursday,2.0,2024,4,11,Thursday,2
S001,Supplier 1,P001,2024-06-18,2024-06-13,5,4.4,4845,2024.0,6.0,18.0,Tuesday,2.0,2024,6,13,Thursday,2
S004,Supplier 4,P001,2024-08-21,2024-08-20,1,4.8,2430,2024.0,8.0,21.0,Wednesday,3.0,2024,8,20,Tuesday,3
S003,Supplier 3,P002,2024-11-25,2024-11-25,0,4.3,4692,2024.0,11.0,25.0,Monday,4.0,2024,11,25,Monday,4
S002,Supplier 2,P006,2024-01-14,2024-01-12,2,3.3,1867,2024.0,1.0,14.0,Sunday,1.0,2024,1,12,Friday,1
S003,Supplier 3,P004,2024-10-04,2024-09-29,5,3.1,782,2024.0,10.0,4.0,Friday,4.0,2024,9,29,Sunday,3
S001,Supplier 1,P005,2024-07-23,2024-07-16,7,3.9,4311,2024.0,7.0,23.0,Tuesday,3.0,2024,7,16,Tuesday,3
S001,Supplier 1,P006,2024-03-13,2024-03-09,4,3.8,2738,2024.0,3.0,13.0,Wednesday,1.0,2024,3,9,Saturday,1
S004,Supplier 4,P001,2024-04-18,2024-04-18,3,3.0,2522,2024.0,4.0,18.0,Thursday,2.0,2024,4,18,Thursday,2
S004,Supplier 4,P004,2024-08-31,2024-08-25,6,4.1,3409,2024.0,8.0,31.0,Saturday,3.0,2024,8,25,Sunday,3
S001,Supplier 1,P003,2024-02-18,2024-02-14,4,4.2,1059,2024.0,2.0,18.0,Sunday,1.0,2024,2,14,Wednesday,1
S004,Supplier 4,P001,2024-02-06,2024-02-03,3,5.0,3869,2024.0,2.0,6.0,Tuesday,1.0,2024,2,3,Saturday,1
S003,Supplier 3,P001,2024-09-28,2024-09-26,2,4.3,3794,2024.0,9.0,28.0,Saturday,3.0,2024,9,26,Thursday,3
S001,Supplier 1,P002,2024-02-08,2024-02-06,2,3.8,3064,2024.0,2.0,8.0,Thursday,1.0,2024,2,6,Tuesday,1
S004,Supplier 4,P005,2024-06-03,2024-05-31,3,3.1,1177,2024.0,6.0,3.0,Monday,2.0,2024,5,31,Friday,2
S001,Supplier 1,P004,2024-12-15,2024-12-09,6,4.2,1254,2024.0,12.0,15.0,Sunday,4.0,2024,12,9,Monday,4
S002,Supplier 2,P003,2024-08-11,2024-08-04,7,3.6,2534,2024.0,8.0,11.0,Sunday,3.0,2024,8,4,Sunday,3
S001,Supplier 1,P001,2024-08-27,2024-08-24,3,3.7,1589,2024.0,8.0,27.0,Tuesday,3.0,2024,8,24,Saturday,3
S003,Supplier 3,P002,2024-11-02,2024-10-28,5,3.6,4587,2024.0,11.0,2.0,Saturday,4.0,2024,10,28,Monday,4
S001,Supplier 1,P006,2024-05-28,2024-05-22,6,3.8,4280,2024.0,5.0,28.0,Tuesday,2.0,2024,5,22,Wednesday,2
S002,Supplier 2,P005,2024-03-29,2024-03-27,2,3.3,3064,2024.0,3.0,29.0,Friday,1.0,2024,3,27,Wednesday,1
S001,Supplier 1,P005,2024-04-25,2024-04-22,3,4.5,2512,2024.0,4.0,25.0,Thursday,2.0,2024,4,22,Monday,2
S002,Supplier 2,P001,2024-07-04,2024-06-29,5,3.3,4960,2024.0,7.0,4.0,Thursday,3.0,2024,6,29,Saturday,2
S001,Supplier 1,P003,2024-03-05,2024-03-03,2,4.3,2353,2024.0,3.0,5.0,Tuesday,1.0,2024,3,3,Sunday,1
S001,Supplier 1,P003,2024-03-01,2024-02-23,7,4.8,2794,2024.0,3.0,1.0,Friday,1.0,2024,2,23,Friday,1
S002,Supplier 2,P005,2024-02-09,2024-02-08,1,3.5,677,2024.0,2.0,9.0,Friday,1.0,2024,2,8,Thursday,1
S003,Supplier 3,P003,2024-03-20,2024-03-15,5,4.2,1033,2024.0,3.0,20.0,Wednesday,1.0,2024,3,15,Friday,1
S002,Supplier 2,P006,2024-09-08,2024-09-03,5,3.4,763,2024.0,9.0,8.0,Sunday,3.0,2024,9,3,Tuesday,3
S001,Supplier 1,P001,2025-01-01,2024-12-30,2,3.5,2550,2025.0,1.0,1.0,Wednesday,1.0,2024,12,30,Monday,4
S002,Supplier 2,P002,2024-10-31,2024-10-31,3,4.6,1539,2024.0,10.0,31.0,Thursday,4.0,2024,10,31,Thursday,4
S004,Supplier 4,P001,2024-10-03,2024-09-27,6,3.5,1459,2024.0,10.0,3.0,Thursday,4.0,2024,9,27,Friday,3
S004,Supplier 4,P006,2024-11-11,2024-11-08,3,3.9,4938,2024.0,11.0,11.0,Monday,4.0,2024,11,8,Friday,4
S003,Supplier 3,P001,2024-01-16,2024-01-14,2,3.8,838,2024.0,1.0,16.0,Tuesday,1.0,2024,1,14,Sunday,1
S003,Supplier 3,P005,2024-05-14,2024-05-09,5,3.5,3712,2024.0,5.0,14.0,Tuesday,2.0,2024,5,9,Thursday,2
S001,Supplier 1,P004,2024-10-24,2024-10-17,7,4.0,2174,2024.0,10.0,24.0,Thursday,4.0,2024,10,17,Thursday,4
S003,Supplier 3,P001,2024-01-03,2024-01-02,1,4.5,2101,2024.0,1.0,3.0,Wednesday,1.0,2024,1,2,Tuesday,1
S003,Supplier 3,P004,2024-09-06,2024-09-06,3,3.8,841,2024.0,9.0,6.0,Friday,3.0,2024,9,6,Friday,3
S002,Supplier 2,P006,2024-12-07,2024-12-07,3,3.9,2340,2024.0,12.0,7.0,Saturday,4.0,2024,12,7,Saturday,4
S002,Supplier 2,P001,2024-05-26,2024-05-24,2,4.4,1890,2024.0,5.0,26.0,Sunday,2.0,2024,5,24,Friday,2
S004,Supplier 4,P002,2024-09-09,2024-09-09,0,4.2,2952,2024.0,9.0,9.0,Monday,3.0,2024,9,9,Monday,3
S003,Supplier 3,P002,2024-08-16,2024-08-11,5,3.1,2569,2024.0,8.0,16.0,Friday,3.0,2024,8,11,Sunday,3
S002,Supplier 2,P002,2024-11-30,2024-11-23,7,3.6,3217,2024.0,11.0,30.0,Saturday,4.0,2024,11,23,Saturday,4
S002,Supplier 2,P003,2024-01-05,2024-01-05,3,3.4,1667,2024.0,1.0,5.0,Friday,1.0,2024,1,5,Friday,1
S004,Supplier 4,P003,2024-01-12,2024-01-12,0,4.8,1672,2024.0,1.0,12.0,Friday,1.0,2024,1,12,Friday,1
S004,Supplier 4,P006,2024-08-21,2024-08-20,1,4.7,3568,2024.0,8.0,21.0,Wednesday,3.0,2024,8,20,Tuesday,3
S003,Supplier 3,P001,2024-03-26,2024-03-26,0,4.6,4864,2024.0,3.0,26.0,Tuesday,1.0,2024,3,26,Tuesday,1
S003,Supplier 3,P001,2024-07-06,2024-06-30,6,3.3,2193,2024.0,7.0,6.0,Saturday,3.0,2024,6,30,Sunday,2
S001,Supplier 1,P006,2024-05-18,2024-05-16,2,4.9,3985,2024.0,5.0,18.0,Saturday,2.0,2024,5,16,Thursday,2
S002,Supplier 2,P003,2024-01-24,2024-01-20,4,4.1,3182,2024.0,1.0,24.0,Wednesday,1.0,2024,1,20,Saturday,1
S001,Supplier 1,P006,2024-09-13,2024-09-09,4,3.1,4433,2024.0,9.0,13.0,Friday,3.0,2024,9,9,Monday,3
S001,Supplier 1,P001,2024-10-07,2024-10-02,5,3.4,3893,2024.0,10.0,7.0,Monday,4.0,2024,10,2,Wednesday,4
S002,Supplier 2,P001,2024-08-16,2024-08-11,5,3.4,3112,2024.0,8.0,16.0,Friday,3.0,2024,8,11,Sunday,3
S002,Supplier 2,P004,2024-01-27,2024-01-21,6,4.9,1340,2024.0,1.0,27.0,Saturday,1.0,2024,1,21,Sunday,1
S004,Supplier 4,P002,2024-11-14,2024-11-13,1,4.9,4721,2024.0,11.0,14.0,Thursday,4.0,2024,11,13,Wednesday,4
S004,Supplier 4,P005,2025-01-05,2024-12-29,7,4.7,2212,2025.0,1.0,5.0,Sunday,1.0,2024,12,29,Sunday,4
S002,Supplier 2,P002,2024-03-04,2024-03-03,1,4.7,3596,2024.0,3.0,4.0,Monday,1.0,2024,3,3,Sunday,1
S001,Supplier 1,P001,2024-11-08,2024-11-04,4,4.9,2999,2024.0,11.0,8.0,Friday,4.0,2024,11,4,Monday,4
S001,Supplier 1,P006,2024-07-29,2024-07-26,3,3.3,1619,2024.0,7.0,29.0,Monday,3.0,2024,7,26,Friday,3
S004,Supplier 4,P005,2024-01-27,2024-01-27,0,4.7,2347,2024.0,1.0,27.0,Saturday,1.0,2024,1,27,Saturday,1
S004,Supplier 4,P006,2024-03-08,2024-03-01,7,3.8,2998,2024.0,3.0,8.0,Friday,1.0,2024,3,1,Friday,1
S004,Supplier 4,P004,2024-12-27,2024-12-25,2,4.9,4839,2024.0,12.0,27.0,Friday,4.0,2024,12,25,Wednesday,4
S004,Supplier 4,P005,2024-04-26,2024-04-24,2,4.2,2347,2024.0,4.0,26.0,Friday,2.0,2024,4,24,Wednesday,2
S002,Supplier 2,P003,2024-05-13,2024-05-06,7,5.0,3358,2024.0,5.0,13.0,Monday,2.0,2024,5,6,Monday,2
S001,Supplier 1,P001,2024-09-08,2024-09-03,5,4.0,761,2024.0,9.0,8.0,Sunday,3.0,2024,9,3,Tuesday,3
S003,Supplier 3,P005,2024-07-21,2024-07-14,7,4.5,2528,2024.0,7.0,21.0,Sunday,3.0,2024,7,14,Sunday,3
S004,Supplier 4,P005,2024-09-30,2024-09-28,2,3.6,4249,2024.0,9.0,30.0,Monday,3.0,2024,9,28,Saturday,3
S004,Supplier 4,P006,2024-11-18,2024-11-18,3,4.7,3146,2024.0,11.0,18.0,Monday,4.0,2024,11,18,Monday,4
S003,Supplier 3,P003,2024-05-13,2024-05-09,4,3.7,926,2024.0,5.0,13.0,Monday,2.0,2024,5,9,Thursday,2
S002,Supplier 2,P001,2024-11-11,2024-11-11,3,3.7,3413,2024.0,11.0,11.0,Monday,4.0,2024,11,11,Monday,4
S001,Supplier 1,P005,2024-12-23,2024-12-17,6,3.0,621,2024.0,12.0,23.0,Monday,4.0,2024,12,17,Tuesday,4
S001,Supplier 1,P006,2024-10-31,2024-10-28,3,4.2,1641,2024.0,10.0,31.0,Thursday,4.0,2024,10,28,Monday,4
S002,Supplier 2,P002,2024-08-06,2024-08-02,4,4.9,2166,2024.0,8.0,6.0,Tuesday,3.0,2024,8,2,Friday,3
S004,Supplier 4,P003,2024-09-01,2024-08-28,4,3.3,1636,2024.0,9.0,1.0,Sunday,3.0,2024,8,28,Wednesday,3
S004,Supplier 4,P006,2024-01-06,2024-01-02,4,3.1,3567,2024.0,1.0,6.0,Saturday,1.0,2024,1,2,Tuesday,1
S001,Supplier 1,P004,2024-06-12,2024-06-07,5,4.9,1069,2024.0,6.0,12.0,Wednesday,2.0,2024,6,7,Friday,2
S003,Supplier 3,P002,2024-07-04,2024-07-03,1,3.3,4678,2024.0,7.0,4.0,Thursday,3.0,2024,7,3,Wednesday,3
S002,Supplier 2,P004,2024-05-24,2024-05-18,6,3.5,3087,2024.0,5.0,24.0,Friday,2.0,2024,5,18,Saturday,2
S004,Supplier 4,P001,2024-03-03,2024-02-27,5,5.0,3803,2024.0,3.0,3.0,Sunday,1.0,2024,2,27,Tuesday,1
S003,Supplier 3,P002,2024-02-27,2024-02-27,0,3.3,730,2024.0,2.0,27.0,Tuesday,1.0,2024,2,27,Tuesday,1
S003,Supplier 3,P002,2024-06-20,2024-06-20,3,3.3,1589,2024.0,6.0,20.0,Thursday,2.0,2024,6,20,Thursday,2
S003,Supplier 3,P005,2024-09-16,2024-09-16,3,3.2,4939,2024.0,9.0,16.0,Monday,3.0,2024,9,16,Monday,3
S003,Supplier 3,P001,2024-05-13,2024-05-13,3,4.6,2462,2024.0,5.0,13.0,Monday,2.0,2024,5,13,Monday,2
S004,Supplier 4,P006,2024-05-07,2024-05-03,4,4.7,1716,2024.0,5.0,7.0,Tuesday,2.0,2024,5,3,Friday,2
S001,Supplier 1,P005,2024-12-10,2024-12-08,2,3.3,2939,2024.0,12.0,10.0,Tuesday,4.0,2024,12,8,Sunday,4
S002,Supplier 2,P006,2024-08-19,2024-08-15,4,3.9,787,2024.0,8.0,19.0,Monday,3.0,2024,8,15,Thursday,3
S004,Supplier 4,P004,2024-10-30,2024-10-28,2,3.4,4452,2024.0,10.0,30.0,Wednesday,4.0,2024,10,28,Monday,4
S001,Supplier 1,P003,2024-09-24,2024-09-17,7,4.6,4552,2024.0,9.0,24.0,Tuesday,3.0,2024,9,17,Tuesday,3
S003,Supplier 3,P006,2024-02-22,2024-02-19,3,3.0,4899,2024.0,2.0,22.0,Thursday,1.0,2024,2,19,Monday,1
S002,Supplier 2,P003,2024-10-19,2024-10-17,2,3.2,3370,2024.0,10.0,19.0,Saturday,4.0,2024,10,17,Thursday,4
S002,Supplier 2,P003,2024-06-15,2024-06-15,3,3.7,4312,2024.0,6.0,15.0,Saturday,2.0,2024,6,15,Saturday,2
S002,Supplier 2,P006,2024-03-17,2024-03-17,3,4.6,4667,2024.0,3.0,17.0,Sunday,1.0,2024,3,17,Sunday,1
S004,Supplier 4,P006,2024-04-04,2024-04-03,1,3.5,2222,2024.0,4.0,4.0,Thursday,2.0,2024,4,3,Wednesday,2
S002,Supplier 2,P001,2024-08-11,2024-08-11,0,4.6,3537,2024.0,8.0,11.0,Sunday,3.0,2024,8,11,Sunday,3
S002,Supplier 2,P001,2024-06-25,2024-06-18,7,3.8,1196,2024.0,6.0,25.0,Tuesday,2.0,2024,6,18,Tuesday,2
S003,Supplier 3,P002,2024-12-27,2024-12-27,3,3.7,3017,2024.0,12.0,27.0,Friday,4.0,2024,12,27,Friday,4
S002,Supplier 2,P005,2024-05-10,2024-05-10,3,4.5,2499,2024.0,5.0,10.0,Friday,2.0,2024,5,10,Friday,2
S003,Supplier 3,P005,2024-01-31,2024-01-30,1,3.6,4161,2024.0,1.0,31.0,Wednesday,1.0,2024,1,30,Tuesday,1
S003,Supplier 3,P003,2024-02-27,2024-02-23,4,4.1,4399,2024.0,2.0,27.0,Tuesday,1.0,2024,2,23,Friday,1
S003,Supplier 3,P004,2024-07-05,2024-07-05,0,5.0,4067,2024.0,7.0,5.0,Friday,3.0,2024,7,5,Friday,3
S001,Supplier 1,P006,2024-10-05,2024-10-05,0,4.9,2311,2024.0,10.0,5.0,Saturday,4.0,2024,10,5,Saturday,4
S002,Supplier 2,P004,2024-05-28,2024-05-26,2,3.5,4438,2024.0,5.0,28.0,Tuesday,2.0,2024,5,26,Sunday,2
S004,Supplier 4,P006,2024-08-08,2024-08-06,2,4.9,3978,2024.0,8.0,8.0,Thursday,3.0,2024,8,6,Tuesday,3
S002,Supplier 2,P002,2024-05-27,2024-05-27,0,3.5,1818,2024.0,5.0,27.0,Monday,2.0,2024,5,27,Monday,2
S001,Supplier 1,P003,2024-02-11,2024-02-07,4,3.5,4684,2024.0,2.0,11.0,Sunday,1.0,2024,2,7,Wednesday,1
S004,Supplier 4,P006,2024-01-05,2024-01-04,1,4.4,3489,2024.0,1.0,5.0,Friday,1.0,2024,1,4,Thursday,1
S003,Supplier 3,P004,2024-11-26,2024-11-26,3,5.0,3968,2024.0,11.0,26.0,Tuesday,4.0,2024,11,26,Tuesday,4
S001,Supplier 1,P004,2024-04-12,2024-04-06,6,3.8,506,2024.0,4.0,12.0,Friday,2.0,2024,4,6,Saturday,2
S001,Supplier 1,P004,2024-04-21,2024-04-17,4,3.2,4710,2024.0,4.0,21.0,Sunday,2.0,2024,4,17,Wednesday,2
S002,Supplier 2,P005,2024-10-17,2024-10-16,1,4.9,3149,2024.0,10.0,17.0,Thursday,4.0,2024,10,16,Wednesday,4
S002,Supplier 2,P004,2024-10-24,2024-10-17,7,3.5,4335,2024.0,10.0,24.0,Thursday,4.0,2024,10,17,Thursday,4
S004,Supplier 4,P001,2024-06-29,2024-06-29,3,4.2,3354,2024.0,6.0,29.0,Saturday,2.0,2024,6,29,Saturday,2
S003,Supplier 3,P005,2024-04-20,2024-04-19,1,4.5,2104,2024.0,4.0,20.0,Saturday,2.0,2024,4,19,Friday,2
S003,Supplier 3,P003,2024-09-26,2024-09-24,2,3.5,1803,2024.0,9.0,26.0,Thursday,3.0,2024,9,24,Tuesday,3
S001,Supplier 1,P002,2024-11-21,2024-11-21,3,4.2,1037,2024.0,11.0,21.0,Thursday,4.0,2024,11,21,Thursday,4
S003,Supplier 3,P005,2024-03-10,2024-03-04,6,4.3,2956,2024.0,3.0,10.0,Sunday,1.0,2024,3,4,Monday,1
S001,Supplier 1,P005,2024-07-17,2024-07-16,1,4.9,1610,2024.0,7.0,17.0,Wednesday,3.0,2024,7,16,Tuesday,3
S004,Supplier 4,P006,2024-12-16,2024-12-16,3,3.4,4836,2024.0,12.0,16.0,Monday,4.0,2024,12,16,Monday,4
S001,Supplier 1,P006,2024-01-16,2024-01-14,2,3.8,896,2024.0,1.0,16.0,Tuesday,1.0,2024,1,14,Sunday,1
S001,Supplier 1,P006,2024-11-13,2024-11-09,4,4.0,2707,2024.0,11.0,13.0,Wednesday,4.0,2024,11,9,Saturday,4
S003,Supplier 3,P002,2024-12-27,2024-12-23,4,4.9,4743,2024.0,12.0,27.0,Friday,4.0,2024,12,23,Monday,4
S001,Supplier 1,P005,2024-01-09,2024-01-06,3,5.0,2967,2024.0,1.0,9.0,Tuesday,1.0,2024,1,6,Saturday,1
S003,Supplier 3,P001,2024-12-31,2024-12-24,7,3.1,2440,2024.0,12.0,31.0,Tuesday,4.0,2024,12,24,Tuesday,4
S001,Supplier 1,P003,2024-01-17,2024-01-17,3,4.6,4090,2024.0,1.0,17.0,Wednesday,1.0,2024,1,17,Wednesday,1
S002,Supplier 2,P006,2024-01-10,2024-01-10,3,3.8,852,2024.0,1.0,10.0,Wednesday,1.0,2024,1,10,Wednesday,1
S003,Supplier 3,P001,2024-09-09,2024-09-04,5,4.1,1375,2024.0,9.0,9.0,Monday,3.0,2024,9,4,Wednesday,3
S002,Supplier 2,P006,2024-08-27,2024-08-26,1,3.7,2866,2024.0,8.0,27.0,Tuesday,3.0,2024,8,26,Monday,3
S001,Supplier 1,P001,2024-02-10,2024-02-08,2,4.8,2035,2024.0,2.0,10.0,Saturday,1.0,2024,2,8,Thursday,1
S003,Supplier 3,P006,2024-01-04,2024-01-03,1,3.6,2323,2024.0,1.0,4.0,Thursday,1.0,2024,1,3,Wednesday,1
S004,Supplier 4,P006,2024-08-23,2024-08-17,6,4.9,3760,2024.0,8.0,23.0,Friday,3.0,2024,8,17,Saturday,3
S002,Supplier 2,P005,2024-03-04,2024-03-02,2,4.1,2150,2024.0,3.0,4.0,Monday,1.0,2024,3,2,Saturday,1
S004,Supplier 4,P003,2024-02-03,2024-02-03,0,3.6,4037,2024.0,2.0,3.0,Saturday,1.0,2024,2,3,Saturday,1
S001,Supplier 1,P006,2024-06-29,2024-06-29,0,3.8,1450,2024.0,6.0,29.0,Saturday,2.0,2024,6,29,Saturday,2
S001,Supplier 1,P002,2024-01-28,2024-01-26,2,4.6,2557,2024.0,1.0,28.0,Sunday,1.0,2024,1,26,Friday,1
S003,Supplier 3,P001,2024-08-06,2024-08-06,0,4.1,2663,2024.0,8.0,6.0,Tuesday,3.0,2024,8,6,Tuesday,3
S001,Supplier 1,P003,2024-01-30,2024-01-29,1,3.3,1125,2024.0,1.0,30.0,Tuesday,1.0,2024,1,29,Monday,1
S003,Supplier 3,P003,2024-12-24,2024-12-24,0,4.4,4367,2024.0,12.0,24.0,Tuesday,4.0,2024,12,24,Tuesday,4
S002,Supplier 2,P002,2024-04-18,2024-04-13,5,3.4,1619,2024.0,4.0,18.0,Thursday,2.0,2024,4,13,Saturday,2
S002,Supplier 2,P006,2024-05-22,2024-05-22,0,4.6,531,2024.0,5.0,22.0,Wednesday,2.0,2024,5,22,Wednesday,2
S002,Supplier 2,P001,2024-03-08,2024-03-04,4,5.0,4888,2024.0,3.0,8.0,Friday,1.0,2024,3,4,Monday,1
S003,Supplier 3,P004,2024-08-11,2024-08-05,6,4.3,4263,2024.0,8.0,11.0,Sunday,3.0,2024,8,5,Monday,3
S001,Supplier 1,P006,2024-06-16,2024-06-16,0,4.9,3770,2024.0,6.0,16.0,Sunday,2.0,2024,6,16,Sunday,2
S003,Supplier 3,P002,2024-04-08,2024-04-04,4,3.8,4821,2024.0,4.0,8.0,Monday,2.0,2024,4,4,Thursday,2
S002,Supplier 2,P001,2024-01-26,2024-01-26,0,4.4,4011,2024.0,1.0,26.0,Friday,1.0,2024,1,26,Friday,1
S003,Supplier 3,P002,2024-09-03,2024-09-02,1,3.8,1384,2024.0,9.0,3.0,Tuesday,3.0,2024,9,2,Monday,3
S001,Supplier 1,P006,2024-08-17,2024-08-17,3,3.4,1303,2024.0,8.0,17.0,Saturday,3.0,2024,8,17,Saturday,3
S004,Supplier 4,P005,2024-06-09,2024-06-08,1,3.9,3275,2024.0,6.0,9.0,Sunday,2.0,2024,6,8,Saturday,2
S003,Supplier 3,P003,2024-02-18,2024-02-16,2,3.8,1042,2024.0,2.0,18.0,Sunday,1.0,2024,2,16,Friday,1
S002,Supplier 2,P001,2024-04-17,2024-04-15,2,4.6,3285,2024.0,4.0,17.0,Wednesday,2.0,2024,4,15,Monday,2
S004,Supplier 4,P001,2024-12-29,2024-12-28,1,4.1,2536,2024.0,12.0,29.0,Sunday,4.0,2024,12,28,Saturday,4
S003,Supplier 3,P005,2024-06-11,2024-06-11,3,4.0,1115,2024.0,6.0,11.0,Tuesday,2.0,2024,6,11,Tuesday,2
S001,Supplier 1,P001,2024-12-08,2024-12-08,0,3.1,1221,2024.0,12.0,8.0,Sunday,4.0,2024,12,8,Sunday,4
S001,Supplier 1,P001,2024-12-07,2024-12-06,1,4.8,2329,2024.0,12.0,7.0,Saturday,4.0,2024,12,6,Friday,4
S004,Supplier 4,P001,2024-05-15,2024-05-08,7,4.0,4503,2024.0,5.0,15.0,Wednesday,2.0,2024,5,8,Wednesday,2
S004,Supplier 4,P004,2024-11-24,2024-11-21,3,5.0,1182,2024.0,11.0,24.0,Sunday,4.0,2024,11,21,Thursday,4
S002,Supplier 2,P006,2024-03-06,2024-03-06,0,3.4,1604,2024.0,3.0,6.0,Wednesday,1.0,2024,3,6,Wednesday,1
S002,Supplier 2,P005,2024-11-21,2024-11-19,2,4.5,846,2024.0,11.0,21.0,Thursday,4.0,2024,11,19,Tuesday,4
S002,Supplier 2,P005,2024-02-17,2024-02-15,2,4.8,3954,2024.0,2.0,17.0,Saturday,1.0,2024,2,15,Thursday,1
S001,Supplier 1,P005,2024-09-01,2024-08-27,5,4.3,3180,2024.0,9.0,1.0,Sunday,3.0,2024,8,27,Tuesday,3
S003,Supplier 3,P006,2024-11-01,2024-11-01,3,3.0,2976,2024.0,11.0,1.0,Friday,4.0,2024,11,1,Friday,4
S001,Supplier 1,P004,2024-12-31,2024-12-26,5,4.2,2937,2024.0,12.0,31.0,Tuesday,4.0,2024,12,26,Thursday,4
S004,Supplier 4,P006,2024-02-02,2024-01-29,4,3.1,1691,2024.0,2.0,2.0,Friday,1.0,2024,1,29,Monday,1
S004,Supplier 4,P001,2024-06-25,2024-06-18,7,3.7,2825,2024.0,6.0,25.0,Tuesday,2.0,2024,6,18,Tuesday,2
S003,Supplier 3,P004,2024-12-19,2024-12-12,7,5.0,1682,2024.0,12.0,19.0,Thursday,4.0,2024,12,12,Thursday,4
S002,Supplier 2,P003,2024-11-22,2024-11-22,3,3.5,3219,2024.0,11.0,22.0,Friday,4.0,2024,11,22,Friday,4
S002,Supplier 2,P004,2024-10-07,2024-10-07,0,3.9,3929,2024.0,10.0,7.0,Monday,4.0,2024,10,7,Monday,4
S004,Supplier 4,P002,2024-05-31,2024-05-24,7,3.7,3686,2024.0,5.0,31.0,Friday,2.0,2024,5,24,Friday,2
S003,Supplier 3,P005,2024-03-05,2024-02-29,5,4.0,3313,2024.0,3.0,5.0,Tuesday,1.0,2024,2,29,Thursday,1
S001,Supplier 1,P001,2024-08-06,2024-08-05,1,4.7,1933,2024.0,8.0,6.0,Tuesday,3.0,2024,8,5,Monday,3
S002,Supplier 2,P004,2024-10-04,2024-09-28,6,4.6,2964,2024.0,10.0,4.0,Friday,4.0,2024,9,28,Saturday,3
S004,Supplier 4,P003,2024-04-05,2024-04-03,2,4.6,2812,2024.0,4.0,5.0,Friday,2.0,2024,4,3,Wednesday,2
S003,Supplier 3,P003,2024-12-15,2024-12-08,7,3.7,1732,2024.0,12.0,15.0,Sunday,4.0,2024,12,8,Sunday,4
S001,Supplier 1,P004,2024-05-26,2024-05-26,0,4.2,2340,2024.0,5.0,26.0,Sunday,2.0,2024,5,26,Sunday,2
S004,Supplier 4,P002,2024-10-30,2024-10-23,7,3.6,3639,2024.0,10.0,30.0,Wednesday,4.0,2024,10,23,Wednesday,4
S004,Supplier 4,P002,2024-02-25,2024-02-23,2,4.5,3616,2024.0,2.0,25.0,Sunday,1.0,2024,2,23,Friday,1
S001,Supplier 1,P001,2024-10-08,2024-10-04,4,4.2,1528,2024.0,10.0,8.0,Tuesday,4.0,2024,10,4,Friday,4
S004,Supplier 4,P001,2024-07-15,2024-07-13,2,3.8,4908,2024.0,7.0,15.0,Monday,3.0,2024,7,13,Saturday,3
S004,Supplier 4,P001,2024-12-26,2024-12-22,4,3.5,1179,2024.0,12.0,26.0,Thursday,4.0,2024,12,22,Sunday,4
S001,Supplier 1,P001,2024-05-15,2024-05-15,0,3.5,3477,2024.0,5.0,15.0,Wednesday,2.0,2024,5,15,Wednesday,2
S003,Supplier 3,P004,2024-06-26,2024-06-22,4,4.4,1544,2024.0,6.0,26.0,Wednesday,2.0,2024,6,22,Saturday,2
S002,Supplier 2,P004,2024-04-24,2024-04-24,0,3.7,914,2024.0,4.0,24.0,Wednesday,2.0,2024,4,24,Wednesday,2
S004,Supplier 4,P005,2024-12-09,2024-12-08,1,4.8,1692,2024.0,12.0,9.0,Monday,4.0,2024,12,8,Sunday,4
S004,Supplier 4,P003,2024-11-29,2024-11-29,0,3.1,1929,2024.0,11.0,29.0,Friday,4.0,2024,11,29,Friday,4
S003,Supplier 3,P003,2024-07-22,2024-07-22,3,4.8,3289,2024.0,7.0,22.0,Monday,3.0,2024,7,22,Monday,3
S004,Supplier 4,P003,2024-06-25,2024-06-23,2,4.3,1775,2024.0,6.0,25.0,Tuesday,2.0,2024,6,23,Sunday,2
S004,Supplier 4,P004,2024-01-17,2024-01-13,4,4.0,2755,2024.0,1.0,17.0,Wednesday,1.0,2024,1,13,Saturday,1
S002,Supplier 2,P004,2024-10-20,2024-10-15,5,4.9,2464,2024.0,10.0,20.0,Sunday,4.0,2024,10,15,Tuesday,4
S003,Supplier 3,P002,2024-05-01,2024-04-24,7,3.8,4337,2024.0,5.0,1.0,Wednesday,2.0,2024,4,24,Wednesday,2
S002,Supplier 2,P001,2024-10-14,2024-10-10,4,3.3,2197,2024.0,10.0,14.0,Monday,4.0,2024,10,10,Thursday,4
S001,Supplier 1,P001,2024-03-05,2024-03-02,3,4.6,2462,2024.0,3.0,5.0,Tuesday,1.0,2024,3,2,Saturday,1
S002,Supplier 2,P005,2024-06-21,2024-06-18,3,4.5,2934,2024.0,6.0,21.0,Friday,2.0,2024,6,18,Tuesday,2
S002,Supplier 2,P005,2024-11-22,2024-11-19,3,3.7,1479,2024.0,11.0,22.0,Friday,4.0,2024,11,19,Tuesday,4
S001,Supplier 1,P002,2024-07-01,2024-07-01,0,4.5,4703,2024.0,7.0,1.0,Monday,3.0,2024,7,1,Monday,3
S003,Supplier 3,P006,2024-11-18,2024-11-11,7,4.9,4335,2024.0,11.0,18.0,Monday,4.0,2024,11,11,Monday,4
S003,Supplier 3,P004,2024-07-14,2024-07-07,7,3.1,4672,2024.0,7.0,14.0,Sunday,3.0,2024,7,7,Sunday,3
S002,Supplier 2,P002,2024-07-23,2024-07-19,4,3.5,2132,2024.0,7.0,23.0,Tuesday,3.0,2024,7,19,Friday,3
S003,Supplier 3,P001,2024-03-21,2024-03-21,0,3.7,802,2024.0,3.0,21.0,Thursday,1.0,2024,3,21,Thursday,1
S001,Supplier 1,P005,2024-03-09,2024-03-07,2,4.8,4887,2024.0,3.0,9.0,Saturday,1.0,2024,3,7,Thursday,1
S001,Supplier 1,P005,2024-01-12,2024-01-05,7,5.0,3124,2024.0,1.0,12.0,Friday,1.0,2024,1,5,Friday,1
S001,Supplier 1,P004,2024-05-19,2024-05-16,3,3.5,2271,2024.0,5.0,19.0,Sunday,2.0,2024,5,16,Thursday,2
S004,Supplier 4,P001,2024-11-05,2024-10-31,5,3.3,4648,2024.0,11.0,5.0,Tuesday,4.0,2024,10,31,Thursday,4
S003,Supplier 3,P001,2024-04-03,2024-04-01,2,3.4,1277,2024.0,4.0,3.0,Wednesday,2.0,2024,4,1,Monday,2
S004,Supplier 4,P001,2024-05-27,2024-05-27,0,3.6,831,2024.0,5.0,27.0,Monday,2.0,2024,5,27,Monday,2
S002,Supplier 2,P003,2024-02-29,2024-02-25,4,3.4,4167,2024.0,2.0,29.0,Thursday,1.0,2024,2,25,Sunday,1
S003,Supplier 3,P003,2024-03-21,2024-03-16,5,4.7,2592,2024.0,3.0,21.0,Thursday,1.0,2024,3,16,Saturday,1
S004,Supplier 4,P006,2024-03-15,2024-03-15,3,3.3,3926,2024.0,3.0,15.0,Friday,1.0,2024,3,15,Friday,1
S002,Supplier 2,P003,2024-10-20,2024-10-19,1,3.1,4096,2024.0,10.0,20.0,Sunday,4.0,2024,10,19,Saturday,4
S004,Supplier 4,P004,2024-04-12,2024-04-05,7,4.7,2554,2024.0,4.0,12.0,Friday,2.0,2024,4,5,Friday,2
S002,Supplier 2,P006,2024-12-19,2024-12-18,1,4.4,4801,2024.0,12.0,19.0,Thursday,4.0,2024,12,18,Wednesday,4
S004,Supplier 4,P002,2024-03-13,2024-03-13,0,3.5,3554,2024.0,3.0,13.0,Wednesday,1.0,2024,3,13,Wednesday,1
S003,Supplier 3,P006,2024-01-26,2024-01-20,6,3.3,4774,2024.0,1.0,26.0,Friday,1.0,2024,1,20,Saturday,1
S001,Supplier 1,P003,2024-09-20,2024-09-14,6,4.7,4678,2024.0,9.0,20.0,Friday,3.0,2024,9,14,Saturday,3
S002,Supplier 2,P001,2024-03-29,2024-03-29,0,3.4,3331,2024.0,3.0,29.0,Friday,1.0,2024,3,29,Friday,1
S002,Supplier 2,P003,2024-10-05,2024-10-03,2,4.5,2764,2024.0,10.0,5.0,Saturday,4.0,2024,10,3,Thursday,4
S003,Supplier 3,P001,2024-04-28,2024-04-21,7,3.4,842,2024.0,4.0,28.0,Sunday,2.0,2024,4,21,Sunday,2
S004,Supplier 4,P004,2024-04-25,2024-04-25,3,4.9,1090,2024.0,4.0,25.0,Thursday,2.0,2024,4,25,Thursday,2
S002,Supplier 2,P002,2024-12-12,2024-12-11,1,4.1,3036,2024.0,12.0,12.0,Thursday,4.0,2024,12,11,Wednesday,4
S003,Supplier 3,P006,2024-04-27,2024-04-23,4,3.8,4187,2024.0,4.0,27.0,Saturday,2.0,2024,4,23,Tuesday,2
S003,Supplier 3,P004,2025-01-05,2024-12-30,6,3.6,4051,2025.0,1.0,5.0,Sunday,1.0,2024,12,30,Monday,4
S002,Supplier 2,P006,2024-08-01,2024-08-01,3,3.8,2588,2024.0,8.0,1.0,Thursday,3.0,2024,8,1,Thursday,3
S004,Supplier 4,P001,2024-08-30,2024-08-25,5,3.7,2049,2024.0,8.0,30.0,Friday,3.0,2024,8,25,Sunday,3
S001,Supplier 1,P003,2024-04-01,2024-03-30,2,3.9,1046,2024.0,4.0,1.0,Monday,2.0,2024,3,30,Saturday,1
S004,Supplier 4,P003,2024-12-19,2024-12-19,3,4.4,628,2024.0,12.0,19.0,Thursday,4.0,2024,12,19,Thursday,4
S002,Supplier 2,P004,2024-08-14,2024-08-12,2,4.3,1107,2024.0,8.0,14.0,Wednesday,3.0,2024,8,12,Monday,3
S003,Supplier 3,P002,2024-09-21,2024-09-20,1,3.9,2405,2024.0,9.0,21.0,Saturday,3.0,2024,9,20,Friday,3
S004,Supplier 4,P006,2024-04-16,2024-04-14,2,4.4,4475,2024.0,4.0,16.0,Tuesday,2.0,2024,4,14,Sunday,2
S003,Supplier 3,P006,2024-06-01,2024-05-28,4,4.4,1703,2024.0,6.0,1.0,Saturday,2.0,2024,5,28,Tuesday,2
S001,Supplier 1,P005,2024-10-18,2024-10-16,2,4.2,1765,2024.0,10.0,18.0,Friday,4.0,2024,10,16,Wednesday,4
S004,Supplier 4,P005,2024-11-12,2024-11-06,6,5.0,2680,2024.0,11.0,12.0,Tuesday,4.0,2024,11,6,Wednesday,4
S003,Supplier 3,P003,2024-07-09,2024-07-06,3,3.2,719,2024.0,7.0,9.0,Tuesday,3.0,2024,7,6,Saturday,3
S001,Supplier 1,P004,2024-12-24,2024-12-24,0,4.7,691,2024.0,12.0,24.0,Tuesday,4.0,2024,12,24,Tuesday,4
S004,Supplier 4,P001,2024-06-11,2024-06-10,1,4.8,4354,2024.0,6.0,11.0,Tuesday,2.0,2024,6,10,Monday,2
S003,Supplier 3,P001,2024-04-10,2024-04-03,7,4.5,614,2024.0,4.0,10.0,Wednesday,2.0,2024,4,3,Wednesday,2
S001,Supplier 1,P003,2024-09-16,2024-09-09,7,3.7,1274,2024.0,9.0,16.0,Monday,3.0,2024,9,9,Monday,3
S002,Supplier 2,P003,2024-10-17,2024-10-12,5,4.2,1586,2024.0,10.0,17.0,Thursday,4.0,2024,10,12,Saturday,4
S003,Supplier 3,P002,2024-05-16,2024-05-12,4,3.3,4222,2024.0,5.0,16.0,Thursday,2.0,2024,5,12,Sunday,2
S003,Supplier 3,P004,2024-03-17,2024-03-13,4,3.6,860,2024.0,3.0,17.0,Sunday,1.0,2024,3,13,Wednesday,1
S002,Supplier 2,P004,2024-06-02,2024-05-31,2,3.6,4388,2024.0,6.0,2.0,Sunday,2.0,2024,5,31,Friday,2
S002,Supplier 2,P006,2024-05-25,2024-05-24,1,4.4,4423,2024.0,5.0,25.0,Saturday,2.0,2024,5,24,Friday,2
S003,Supplier 3,P003,2024-02-22,2024-02-21,1,3.5,4876,2024.0,2.0,22.0,Thursday,1.0,2024,2,21,Wednesday,1
S001,Supplier 1,P005,2024-02-13,2024-02-09,4,4.4,4462,2024.0,2.0,13.0,Tuesday,1.0,2024,2,9,Friday,1
S003,Supplier 3,P004,2024-09-17,2024-09-17,3,3.9,1227,2024.0,9.0,17.0,Tuesday,3.0,2024,9,17,Tuesday,3
S001,Supplier 1,P002,2024-02-07,2024-02-04,3,4.0,823,2024.0,2.0,7.0,Wednesday,1.0,2024,2,4,Sunday,1
S004,Supplier 4,P005,2024-01-08,2024-01-06,2,4.7,3133,2024.0,1.0,8.0,Monday,1.0,2024,1,6,Saturday,1
S003,Supplier 3,P006,2024-06-20,2024-06-18,2,3.4,2037,2024.0,6.0,20.0,Thursday,2.0,2024,6,18,Tuesday,2
S004,Supplier 4,P003,2024-01-23,2024-01-22,1,3.6,1488,2024.0,1.0,23.0,Tuesday,1.0,2024,1,22,Monday,1
S003,Supplier 3,P003,2024-12-12,2024-12-12,3,3.2,4245,2024.0,12.0,12.0,Thursday,4.0,2024,12,12,Thursday,4
S001,Supplier 1,P006,2024-02-11,2024-02-07,4,3.6,2254,2024.0,2.0,11.0,Sunday,1.0,2024,2,7,Wednesday,1
S003,Supplier 3,P006,2024-02-29,2024-02-22,7,4.6,2067,2024.0,2.0,29.0,Thursday,1.0,2024,2,22,Thursday,1
S004,Supplier 4,P006,2024-10-17,2024-10-13,4,3.5,2092,2024.0,10.0,17.0,Thursday,4.0,2024,10,13,Sunday,4
S003,Supplier 3,P006,2024-07-20,2024-07-19,1,3.4,756,2024.0,7.0,20.0,Saturday,3.0,2024,7,19,Friday,3
S003,Supplier 3,P006,2024-06-01,2024-05-26,6,4.6,502,2024.0,6.0,1.0,Saturday,2.0,2024,5,26,Sunday,2
S003,Supplier 3,P003,2024-06-06,2024-06-01,5,5.0,1686,2024.0,6.0,6.0,Thursday,2.0,2024,6,1,Saturday,2
S002,Supplier 2,P002,2024-05-12,2024-05-08,4,4.8,2875,2024.0,5.0,12.0,Sunday,2.0,2024,5,8,Wednesday,2
S004,Supplier 4,P001,2024-11-01,2024-10-29,3,3.2,2217,2024.0,11.0,1.0,Friday,4.0,2024,10,29,Tuesday,4
S004,Supplier 4,P006,2024-09-19,2024-09-17,2,3.1,1464,2024.0,9.0,19.0,Thursday,3.0,2024,9,17,Tuesday,3
S002,Supplier 2,P006,2024-07-21,2024-07-17,4,3.3,4865,2024.0,7.0,21.0,Sunday,3.0,2024,7,17,Wednesday,3
S002,Supplier 2,P002,2024-01-25,2024-01-24,1,3.3,1190,2024.0,1.0,25.0,Thursday,1.0,2024,1,24,Wednesday,1
S004,Supplier 4,P005,2024-09-03,2024-09-02,1,4.9,3760,2024.0,9.0,3.0,Tuesday,3.0,2024,9,2,Monday,3
S001,Supplier 1,P004,2024-01-04,2024-01-04,0,3.2,3645,2024.0,1.0,4.0,Thursday,1.0,2024,1,4,Thursday,1
S003,Supplier 3,P001,2024-09-14,2024-09-11,3,3.3,1908,2024.0,9.0,14.0,Saturday,3.0,2024,9,11,Wednesday,3
S003,Supplier 3,P006,2024-07-01,2024-06-24,7,3.7,2180,2024.0,7.0,1.0,Monday,3.0,2024,6,24,Monday,2
S002,Supplier 2,P001,2024-12-12,2024-12-11,1,4.4,3949,2024.0,12.0,12.0,Thursday,4.0,2024,12,11,Wednesday,4
S003,Supplier 3,P005,2024-03-09,2024-03-07,2,3.2,3645,2024.0,3.0,9.0,Saturday,1.0,2024,3,7,Thursday,1
S002,Supplier 2,P002,2024-07-05,2024-07-03,2,4.0,2259,2024.0,7.0,5.0,Friday,3.0,2024,7,3,Wednesday,3
S004,Supplier 4,P003,2024-05-04,2024-05-02,2,4.1,1420,2024.0,5.0,4.0,Saturday,2.0,2024,5,2,Thursday,2
S004,Supplier 4,P002,2024-02-09,2024-02-03,6,3.9,2757,2024.0,2.0,9.0,Friday,1.0,2024,2,3,Saturday,1
S002,Supplier 2,P002,2024-02-06,2024-02-05,1,3.5,1388,2024.0,2.0,6.0,Tuesday,1.0,2024,2,5,Monday,1
S001,Supplier 1,P006,2024-12-15,2024-12-15,0,3.9,2367,2024.0,12.0,15.0,Sunday,4.0,2024,12,15,Sunday,4
S004,Supplier 4,P003,2024-11-12,2024-11-05,7,4.0,3716,2024.0,11.0,12.0,Tuesday,4.0,2024,11,5,Tuesday,4
S003,Supplier 3,P001,2024-06-20,2024-06-13,7,4.4,3471,2024.0,6.0,20.0,Thursday,2.0,2024,6,13,Thursday,2
S002,Supplier 2,P002,2024-03-30,2024-03-29,1,3.7,2239,2024.0,3.0,30.0,Saturday,1.0,2024,3,29,Friday,1
S004,Supplier 4,P003,2024-03-11,2024-03-05,6,3.3,1695,2024.0,3.0,11.0,Monday,1.0,2024,3,5,Tuesday,1
S002,Supplier 2,P005,2024-04-15,2024-04-14,1,4.1,1319,2024.0,4.0,15.0,Monday,2.0,2024,4,14,Sunday,2
S002,Supplier 2,P003,2024-07-08,2024-07-06,2,4.8,1684,2024.0,7.0,8.0,Monday,3.0,2024,7,6,Saturday,3
S004,Supplier 4,P002,2024-11-15,2024-11-09,6,4.2,4632,2024.0,11.0,15.0,Friday,4.0,2024,11,9,Saturday,4
S003,Supplier 3,P002,2024-12-20,2024-12-18,2,3.8,4390,2024.0,12.0,20.0,Friday,4.0,2024,12,18,Wednesday,4
S001,Supplier 1,P005,2024-01-03,2024-01-01,2,3.3,3974,2024.0,1.0,3.0,Wednesday,1.0,2024,1,1,Monday,1
S003,Supplier 3,P003,2024-03-25,2024-03-25,3,3.6,4946,2024.0,3.0,25.0,Monday,1.0,2024,3,25,Monday,1
S002,Supplier 2,P004,2024-02-25,2024-02-25,0,4.0,2599,2024.0,2.0,25.0,Sunday,1.0,2024,2,25,Sunday,1
S002,Supplier 2,P006,2024-06-11,2024-06-11,0,3.8,1072,2024.0,6.0,11.0,Tuesday,2.0,2024,6,11,Tuesday,2
S002,Supplier 2,P001,2024-01-04,2024-01-04,0,4.4,3424,2024.0,1.0,4.0,Thursday,1.0,2024,1,4,Thursday,1
S003,Supplier 3,P002,2024-06-14,2024-06-11,3,4.3,3542,2024.0,6.0,14.0,Friday,2.0,2024,6,11,Tuesday,2
S003,Supplier 3,P002,2024-12-01,2024-11-29,2,3.9,1956,2024.0,12.0,1.0,Sunday,4.0,2024,11,29,Friday,4
S001,Supplier 1,P005,2024-05-23,2024-05-21,2,4.4,3904,2024.0,5.0,23.0,Thursday,2.0,2024,5,21,Tuesday,2
S001,Supplier 1,P006,2024-04-28,2024-04-22,6,4.1,3689,2024.0,4.0,28.0,Sunday,2.0,2024,4,22,Monday,2
S004,Supplier 4,P006,2024-06-14,2024-06-13,1,4.0,4183,2024.0,6.0,14.0,Friday,2.0,2024,6,13,Thursday,2
S002,Supplier 2,P005,2024-07-16,2024-07-15,1,4.1,3823,2024.0,7.0,16.0,Tuesday,3.0,2024,7,15,Monday,3
S004,Supplier 4,P005,2024-11-06,2024-10-30,7,4.3,2342,2024.0,11.0,6.0,Wednesday,4.0,2024,10,30,Wednesday,4
S003,Supplier 3,P001,2024-02-21,2024-02-16,5,3.2,2638,2024.0,2.0,21.0,Wednesday,1.0,2024,2,16,Friday,1
S004,Supplier 4,P002,2024-11-23,2024-11-19,4,3.1,3875,2024.0,11.0,23.0,Saturday,4.0,2024,11,19,Tuesday,4
S002,Supplier 2,P003,2024-10-07,2024-10-04,3,4.5,3721,2024.0,10.0,7.0,Monday,4.0,2024,10,4,Friday,4
S002,Supplier 2,P006,2024-04-14,2024-04-14,0,4.2,673,2024.0,4.0,14.0,Sunday,2.0,2024,4,14,Sunday,2
S003,Supplier 3,P005,2024-06-19,2024-06-18,1,4.0,3299,2024.0,6.0,19.0,Wednesday,2.0,2024,6,18,Tuesday,2
S002,Supplier 2,P001,2024-02-13,2024-02-09,4,4.6,1073,2024.0,2.0,13.0,Tuesday,1.0,2024,2,9,Friday,1
S002,Supplier 2,P005,2024-04-23,2024-04-16,7,4.4,1567,2024.0,4.0,23.0,Tuesday,2.0,2024,4,16,Tuesday,2
S001,Supplier 1,P005,2024-08-09,2024-08-08,1,3.9,3989,2024.0,8.0,9.0,Friday,3.0,2024,8,8,Thursday,3
S004,Supplier 4,P004,2024-06-26,2024-06-26,0,3.2,1659,2024.0,6.0,26.0,Wednesday,2.0,2024,6,26,Wednesday,2
S003,Supplier 3,P004,2024-09-12,2024-09-12,3,4.5,4508,2024.0,9.0,12.0,Thursday,3.0,2024,9,12,Thursday,3
S004,Supplier 4,P006,2024-06-05,2024-06-05,3,4.2,3370,2024.0,6.0,5.0,Wednesday,2.0,2024,6,5,Wednesday,2
S002,Supplier 2,P005,2024-05-30,2024-05-30,0,3.3,2213,2024.0,5.0,30.0,Thursday,2.0,2024,5,30,Thursday,2
S003,Supplier 3,P001,2024-02-07,2024-02-03,4,4.6,3369,2024.0,2.0,7.0,Wednesday,1.0,2024,2,3,Saturday,1
S001,Supplier 1,P005,2024-04-28,2024-04-22,6,3.3,4344,2024.0,4.0,28.0,Sunday,2.0,2024,4,22,Monday,2
S003,Supplier 3,P001,2024-10-23,2024-10-22,1,4.9,4773,2024.0,10.0,23.0,Wednesday,4.0,2024,10,22,Tuesday,4
S001,Supplier 1,P004,2024-02-07,2024-01-31,7,3.6,587,2024.0,2.0,7.0,Wednesday,1.0,2024,1,31,Wednesday,1
S003,Supplier 3,P006,2024-05-06,2024-04-29,7,3.3,3512,2024.0,5.0,6.0,Monday,2.0,2024,4,29,Monday,2
S001,Supplier 1,P003,2024-04-23,2024-04-23,0,3.1,1947,2024.0,4.0,23.0,Tuesday,2.0,2024,4,23,Tuesday,2
S004,Supplier 4,P004,2024-02-19,2024-02-15,4,3.1,2858,2024.0,2.0,19.0,Monday,1.0,2024,2,15,Thursday,1
S002,Supplier 2,P006,2024-06-30,2024-06-23,7,4.9,1439,2024.0,6.0,30.0,Sunday,2.0,2024,6,23,Sunday,2
S003,Supplier 3,P005,2024-10-01,2024-09-24,7,4.4,4547,2024.0,10.0,1.0,Tuesday,4.0,2024,9,24,Tuesday,3
S004,Supplier 4,P002,2024-04-23,2024-04-23,0,3.5,4098,2024.0,4.0,23.0,Tuesday,2.0,2024,4,23,Tuesday,2
S003,Supplier 3,P005,2024-09-06,2024-09-02,4,4.5,2922,2024.0,9.0,6.0,Friday,3.0,2024,9,2,Monday,3
S003,Supplier 3,P001,2024-04-20,2024-04-14,6,4.6,2487,2024.0,4.0,20.0,Saturday,2.0,2024,4,14,Sunday,2
S001,Supplier 1,P006,2024-08-24,2024-08-19,5,3.1,3923,2024.0,8.0,24.0,Saturday,3.0,2024,8,19,Monday,3
S001,Supplier 1,P005,2024-02-07,2024-02-02,5,4.2,1781,2024.0,2.0,7.0,Wednesday,1.0,2024,2,2,Friday,1
S004,Supplier 4,P004,2024-04-21,2024-04-15,6,4.2,3212,2024.0,4.0,21.0,Sunday,2.0,2024,4,15,Monday,2
S002,Supplier 2,P005,2024-11-01,2024-11-01,3,4.7,3921,2024.0,11.0,1.0,Friday,4.0,2024,11,1,Friday,4
S004,Supplier 4,P006,2024-08-21,2024-08-19,2,4.9,3433,2024.0,8.0,21.0,Wednesday,3.0,2024,8,19,Monday,3
S002,Supplier 2,P001,2024-10-07,2024-10-07,0,4.0,636,2024.0,10.0,7.0,Monday,4.0,2024,10,7,Monday,4
S003,Supplier 3,P003,2024-10-31,2024-10-30,1,4.7,3874,2024.0,10.0,31.0,Thursday,4.0,2024,10,30,Wednesday,4
S003,Supplier 3,P003,2024-07-21,2024-07-14,7,4.3,1020,2024.0,7.0,21.0,Sunday,3.0,2024,7,14,Sunday,3
S004,Supplier 4,P004,2024-03-30,2024-03-28,2,3.8,4935,2024.0,3.0,30.0,Saturday,1.0,2024,3,28,Thursday,1
S004,Supplier 4,P002,2024-08-20,2024-08-15,5,4.1,3627,2024.0,8.0,20.0,Tuesday,3.0,2024,8,15,Thursday,3
S002,Supplier 2,P002,2024-04-24,2024-04-23,1,4.7,2483,2024.0,4.0,24.0,Wednesday,2.0,2024,4,23,Tuesday,2
S001,Supplier 1,P003,2024-10-06,2024-10-01,5,4.3,501,2024.0,10.0,6.0,Sunday,4.0,2024,10,1,Tuesday,4
S002,Supplier 2,P004,2024-01-06,2024-01-04,2,4.8,3541,2024.0,1.0,6.0,Saturday,1.0,2024,1,4,Thursday,1
S003,Supplier 3,P002,2024-08-28,2024-08-25,3,4.2,2326,2024.0,8.0,28.0,Wednesday,3.0,2024,8,25,Sunday,3
S003,Supplier 3,P003,2024-05-07,2024-05-07,3,3.7,3475,2024.0,5.0,7.0,Tuesday,2.0,2024,5,7,Tuesday,2
S003,Supplier 3,P002,2024-01-07,2024-01-01,6,3.3,3196,2024.0,1.0,7.0,Sunday,1.0,2024,1,1,Monday,1
S004,Supplier 4,P006,2024-07-17,2024-07-12,5,4.5,4090,2024.0,7.0,17.0,Wednesday,3.0,2024,7,12,Friday,3
S003,Supplier 3,P006,2024-09-21,2024-09-17,4,3.2,978,2024.0,9.0,21.0,Saturday,3.0,2024,9,17,Tuesday,3
S003,Supplier 3,P002,2024-03-02,2024-02-24,7,3.6,4404,2024.0,3.0,2.0,Saturday,1.0,2024,2,24,Saturday,1
S004,Supplier 4,P003,2024-05-07,2024-05-04,3,5.0,534,2024.0,5.0,7.0,Tuesday,2.0,2024,5,4,Saturday,2
S003,Supplier 3,P006,2024-12-12,2024-12-12,3,3.5,2786,2024.0,12.0,12.0,Thursday,4.0,2024,12,12,Thursday,4
S002,Supplier 2,P003,2024-10-09,2024-10-04,5,3.3,1913,2024.0,10.0,9.0,Wednesday,4.0,2024,10,4,Friday,4
S004,Supplier 4,P006,2024-09-11,2024-09-05,6,4.0,4053,2024.0,9.0,11.0,Wednesday,3.0,2024,9,5,Thursday,3
S004,Supplier 4,P005,2024-11-28,2024-11-28,3,3.7,945,2024.0,11.0,28.0,Thursday,4.0,2024,11,28,Thursday,4
S002,Supplier 2,P006,2024-02-05,2024-02-02,3,3.1,793,2024.0,2.0,5.0,Monday,1.0,2024,2,2,Friday,1
S004,Supplier 4,P004,2024-08-14,2024-08-11,3,3.4,4326,2024.0,8.0,14.0,Wednesday,3.0,2024,8,11,Sunday,3
S004,Supplier 4,P004,2024-02-17,2024-02-15,2,4.2,3136,2024.0,2.0,17.0,Saturday,1.0,2024,2,15,Thursday,1
S003,Supplier 3,P005,2024-07-22,2024-07-21,1,3.8,3459,2024.0,7.0,22.0,Monday,3.0,2024,7,21,Sunday,3
S004,Supplier 4,P001,2024-05-12,2024-05-09,3,4.7,1371,2024.0,5.0,12.0,Sunday,2.0,2024,5,9,Thursday,2
S004,Supplier 4,P005,2024-01-26,2024-01-26,0,4.7,2165,2024.0,1.0,26.0,Friday,1.0,2024,1,26,Friday,1
S004,Supplier 4,P006,2024-02-18,2024-02-18,3,3.3,2874,2024.0,2.0,18.0,Sunday,1.0,2024,2,18,Sunday,1
S004,Supplier 4,P003,2024-05-27,2024-05-25,2,4.7,4181,2024.0,5.0,27.0,Monday,2.0,2024,5,25,Saturday,2
S003,Supplier 3,P003,2024-10-06,2024-10-05,1,4.1,2664,2024.0,10.0,6.0,Sunday,4.0,2024,10,5,Saturday,4
S003,Supplier 3,P005,2024-02-22,2024-02-17,5,3.3,1645,2024.0,2.0,22.0,Thursday,1.0,2024,2,17,Saturday,1
S001,Supplier 1,P003,2024-07-28,2024-07-25,3,3.2,4743,2024.0,7.0,28.0,Sunday,3.0,2024,7,25,Thursday,3
S001,Supplier 1,P001,2024-12-11,2024-12-09,2,3.3,1733,2024.0,12.0,11.0,Wednesday,4.0,2024,12,9,Monday,4
S002,Supplier 2,P002,2024-01-07,2024-01-07,0,3.3,3266,2024.0,1.0,7.0,Sunday,1.0,2024,1,7,Sunday,1
S001,Supplier 1,P001,2024-04-15,2024-04-09,6,4.9,4113,2024.0,4.0,15.0,Monday,2.0,2024,4,9,Tuesday,2
S003,Supplier 3,P006,2024-06-15,2024-06-12,3,3.7,4538,2024.0,6.0,15.0,Saturday,2.0,2024,6,12,Wednesday,2
S002,Supplier 2,P001,2024-06-20,2024-06-14,6,3.2,2926,2024.0,6.0,20.0,Thursday,2.0,2024,6,14,Friday,2
S003,Supplier 3,P002,2024-07-07,2024-06-30,7,3.5,2625,2024.0,7.0,7.0,Sunday,3.0,2024,6,30,Sunday,2
S004,Supplier 4,P001,2024-08-12,2024-08-07,5,3.2,4002,2024.0,8.0,12.0,Monday,3.0,2024,8,7,Wednesday,3
S003,Supplier 3,P006,2024-09-21,2024-09-15,6,4.5,1761,2024.0,9.0,21.0,Saturday,3.0,2024,9,15,Sunday,3
S003,Supplier 3,P004,2024-06-05,2024-05-31,5,4.7,2835,2024.0,6.0,5.0,Wednesday,2.0,2024,5,31,Friday,2
S002,Supplier 2,P001,2024-07-29,2024-07-29,3,3.2,2101,2024.0,7.0,29.0,Monday,3.0,2024,7,29,Monday,3
S002,Supplier 2,P006,2024-06-12,2024-06-07,5,3.6,3691,2024.0,6.0,12.0,Wednesday,2.0,2024,6,7,Friday,2
S001,Supplier 1,P002,2024-02-14,2024-02-13,1,3.9,3869,2024.0,2.0,14.0,Wednesday,1.0,2024,2,13,Tuesday,1
S004,Supplier 4,P001,2024-11-08,2024-11-02,6,3.9,707,2024.0,11.0,8.0,Friday,4.0,2024,11,2,Saturday,4
S001,Supplier 1,P002,2024-01-16,2024-01-09,7,3.6,3468,2024.0,1.0,16.0,Tuesday,1.0,2024,1,9,Tuesday,1
S002,Supplier 2,P006,2024-05-15,2024-05-13,2,3.9,1122,2024.0,5.0,15.0,Wednesday,2.0,2024,5,13,Monday,2
S003,Supplier 3,P004,2024-09-12,2024-09-07,5,4.2,1951,2024.0,9.0,12.0,Thursday,3.0,2024,9,7,Saturday,3
S003,Supplier 3,P002,2024-11-29,2024-11-25,4,3.7,3813,2024.0,11.0,29.0,Friday,4.0,2024,11,25,Monday,4
S004,Supplier 4,P006,2024-11-28,2024-11-23,5,3.7,885,2024.0,11.0,28.0,Thursday,4.0,2024,11,23,Saturday,4
S002,Supplier 2,P003,2024-07-21,2024-07-16,5,4.4,989,2024.0,7.0,21.0,Sunday,3.0,2024,7,16,Tuesday,3
S004,Supplier 4,P004,2024-11-23,2024-11-17,6,3.7,2096,2024.0,11.0,23.0,Saturday,4.0,2024,11,17,Sunday,4
S004,Supplier 4,P001,2024-04-04,2024-04-04,3,4.6,3697,2024.0,4.0,4.0,Thursday,2.0,2024,4,4,Thursday,2
S004,Supplier 4,P006,2024-05-22,2024-05-18,4,4.0,4995,2024.0,5.0,22.0,Wednesday,2.0,2024,5,18,Saturday,2
S003,Supplier 3,P005,2024-12-08,2024-12-01,7,4.0,3794,2024.0,12.0,8.0,Sunday,4.0,2024,12,1,Sunday,4
S003,Supplier 3,P006,2024-10-08,2024-10-01,7,3.3,3510,2024.0,10.0,8.0,Tuesday,4.0,2024,10,1,Tuesday,4
S004,Supplier 4,P004,2024-10-20,2024-10-16,4,4.8,4292,2024.0,10.0,20.0,Sunday,4.0,2024,10,16,Wednesday,4
S002,Supplier 2,P003,2025-01-01,2024-12-26,6,4.7,3501,2025.0,1.0,1.0,Wednesday,1.0,2024,12,26,Thursday,4
S003,Supplier 3,P005,2024-10-05,2024-09-30,5,3.6,766,2024.0,10.0,5.0,Saturday,4.0,2024,9,30,Monday,3
S002,Supplier 2,P002,2024-03-05,2024-03-04,1,3.2,3448,2024.0,3.0,5.0,Tuesday,1.0,2024,3,4,Monday,1
S001,Supplier 1,P004,2024-12-11,2024-12-10,1,4.3,1266,2024.0,12.0,11.0,Wednesday,4.0,2024,12,10,Tuesday,4
S002,Supplier 2,P001,2024-10-26,2024-10-19,7,4.3,2877,2024.0,10.0,26.0,Saturday,4.0,2024,10,19,Saturday,4
S004,Supplier 4,P005,2024-01-28,2024-01-24,4,4.3,2468,2024.0,1.0,28.0,Sunday,1.0,2024,1,24,Wednesday,1
S001,Supplier 1,P004,2024-05-17,2024-05-15,2,3.6,3549,2024.0,5.0,17.0,Friday,2.0,2024,5,15,Wednesday,2
S001,Supplier 1,P005,2024-09-04,2024-08-29,6,3.1,2588,2024.0,9.0,4.0,Wednesday,3.0,2024,8,29,Thursday,3
S003,Supplier 3,P006,2024-04-22,2024-04-15,7,3.3,1481,2024.0,4.0,22.0,Monday,2.0,2024,4,15,Monday,2
S001,Supplier 1,P003,2024-02-08,2024-02-06,2,3.3,3259,2024.0,2.0,8.0,Thursday,1.0,2024,2,6,Tuesday,1
S003,Supplier 3,P004,2024-10-01,2024-09-30,1,3.3,2400,2024.0,10.0,1.0,Tuesday,4.0,2024,9,30,Monday,3
S001,Supplier 1,P006,2024-07-16,2024-07-10,6,3.2,906,2024.0,7.0,16.0,Tuesday,3.0,2024,7,10,Wednesday,3
S004,Supplier 4,P001,2024-11-24,2024-11-23,1,4.2,3828,2024.0,11.0,24.0,Sunday,4.0,2024,11,23,Saturday,4
S001,Supplier 1,P002,2024-07-29,2024-07-24,5,4.8,3083,2024.0,7.0,29.0,Monday,3.0,2024,7,24,Wednesday,3
S002,Supplier 2,P006,2024-04-11,2024-04-11,0,4.7,2709,2024.0,4.0,11.0,Thursday,2.0,2024,4,11,Thursday,2
S004,Supplier 4,P006,2024-06-21,2024-06-16,5,4.5,3469,2024.0,6.0,21.0,Friday,2.0,2024,6,16,Sunday,2
S002,Supplier 2,P002,2024-01-19,2024-01-19,3,4.8,2460,2024.0,1.0,19.0,Friday,1.0,2024,1,19,Friday,1
S001,Supplier 1,P006,2024-02-10,2024-02-10,3,3.5,1460,2024.0,2.0,10.0,Saturday,1.0,2024,2,10,Saturday,1
S001,Supplier 1,P002,2024-09-18,2024-09-15,3,3.1,4659,2024.0,9.0,18.0,Wednesday,3.0,2024,9,15,Sunday,3
S004,Supplier 4,P003,2024-08-21,2024-08-21,0,4.8,1834,2024.0,8.0,21.0,Wednesday,3.0,2024,8,21,Wednesday,3
S003,Supplier 3,P004,2024-01-29,2024-01-24,5,3.3,855,2024.0,1.0,29.0,Monday,1.0,2024,1,24,Wednesday,1
S003,Supplier 3,P005,2024-11-04,2024-11-04,3,4.9,4219,2024.0,11.0,4.0,Monday,4.0,2024,11,4,Monday,4
S004,Supplier 4,P006,2024-08-24,2024-08-21,3,3.2,3996,2024.0,8.0,24.0,Saturday,3.0,2024,8,21,Wednesday,3
S001,Supplier 1,P005,2024-01-15,2024-01-08,7,4.1,3490,2024.0,1.0,15.0,Monday,1.0,2024,1,8,Monday,1
S001,Supplier 1,P003,2024-06-21,2024-06-15,6,4.8,989,2024.0,6.0,21.0,Friday,2.0,2024,6,15,Saturday,2
S001,Supplier 1,P004,2024-01-03,2024-01-03,0,3.4,1084,2024.0,1.0,3.0,Wednesday,1.0,2024,1,3,Wednesday,1
S001,Supplier 1,P002,2024-05-12,2024-05-11,1,3.0,3006,2024.0,5.0,12.0,Sunday,2.0,2024,5,11,Saturday,2
S004,Supplier 4,P006,2024-03-07,2024-03-06,1,3.9,4225,2024.0,3.0,7.0,Thursday,1.0,2024,3,6,Wednesday,1
S001,Supplier 1,P006,2024-02-08,2024-02-01,7,4.1,3635,2024.0,2.0,8.0,Thursday,1.0,2024,2,1,Thursday,1
S001,Supplier 1,P001,2024-12-12,2024-12-08,4,3.1,4341,2024.0,12.0,12.0,Thursday,4.0,2024,12,8,Sunday,4
S002,Supplier 2,P006,2024-05-01,2024-04-28,3,4.4,4798,2024.0,5.0,1.0,Wednesday,2.0,2024,4,28,Sunday,2
S003,Supplier 3,P005,2024-09-15,2024-09-14,1,4.6,2883,2024.0,9.0,15.0,Sunday,3.0,2024,9,14,Saturday,3
S003,Supplier 3,P002,2024-01-19,2024-01-13,6,5.0,2877,2024.0,1.0,19.0,Friday,1.0,2024,1,13,Saturday,1
S001,Supplier 1,P004,2024-11-30,2024-11-24,6,3.4,711,2024.0,11.0,30.0,Saturday,4.0,2024,11,24,Sunday,4
S003,Supplier 3,P006,2024-11-20,2024-11-16,4,4.7,3176,2024.0,11.0,20.0,Wednesday,4.0,2024,11,16,Saturday,4
S001,Supplier 1,P004,2024-12-31,2024-12-28,3,3.3,2009,2024.0,12.0,31.0,Tuesday,4.0,2024,12,28,Saturday,4
S001,Supplier 1,P006,2024-01-29,2024-01-29,0,3.2,3280,2024.0,1.0,29.0,Monday,1.0,2024,1,29,Monday,1
S004,Supplier 4,P006,2024-02-25,2024-02-19,6,3.3,4627,2024.0,2.0,25.0,Sunday,1.0,2024,2,19,Monday,1
S001,Supplier 1,P002,2024-12-04,2024-11-27,7,4.0,4997,2024.0,12.0,4.0,Wednesday,4.0,2024,11,27,Wednesday,4
S001,Supplier 1,P004,2024-11-30,2024-11-26,4,4.1,2277,2024.0,11.0,30.0,Saturday,4.0,2024,11,26,Tuesday,4
S004,Supplier 4,P005,2024-04-06,2024-04-04,2,3.7,763,2024.0,4.0,6.0,Saturday,2.0,2024,4,4,Thursday,2
S004,Supplier 4,P005,2024-10-27,2024-10-22,5,3.3,1628,2024.0,10.0,27.0,Sunday,4.0,2024,10,22,Tuesday,4
S001,Supplier 1,P001,2024-02-05,2024-02-03,2,4.1,3326,2024.0,2.0,5.0,Monday,1.0,2024,2,3,Saturday,1
S002,Supplier 2,P001,2024-12-01,2024-11-24,7,4.3,3100,2024.0,12.0,1.0,Sunday,4.0,2024,11,24,Sunday,4
S002,Supplier 2,P004,2024-08-05,2024-07-31,5,4.3,3991,2024.0,8.0,5.0,Monday,3.0,2024,7,31,Wednesday,3
S002,Supplier 2,P006,2024-07-16,2024-07-10,6,4.1,4381,2024.0,7.0,16.0,Tuesday,3.0,2024,7,10,Wednesday,3
S001,Supplier 1,P001,2024-05-19,2024-05-14,5,4.7,1316,2024.0,5.0,19.0,Sunday,2.0,2024,5,14,Tuesday,2
S004,Supplier 4,P002,2024-09-17,2024-09-17,3,3.2,1256,2024.0,9.0,17.0,Tuesday,3.0,2024,9,17,Tuesday,3
S001,Supplier 1,P003,2024-11-30,2024-11-23,7,3.5,1025,2024.0,11.0,30.0,Saturday,4.0,2024,11,23,Saturday,4
S002,Supplier 2,P005,2024-10-15,2024-10-12,3,4.3,3984,2024.0,10.0,15.0,Tuesday,4.0,2024,10,12,Saturday,4
S001,Supplier 1,P002,2024-07-14,2024-07-07,7,4.8,3933,2024.0,7.0,14.0,Sunday,3.0,2024,7,7,Sunday,3
S004,Supplier 4,P001,2024-05-18,2024-05-17,1,4.2,4485,2024.0,5.0,18.0,Saturday,2.0,2024,5,17,Friday,2
S003,Supplier 3,P005,2024-02-23,2024-02-23,3,4.7,4352,2024.0,2.0,23.0,Friday,1.0,2024,2,23,Friday,1
S002,Supplier 2,P006,2024-12-24,2024-12-19,5,4.9,2644,2024.0,12.0,24.0,Tuesday,4.0,2024,12,19,Thursday,4
S004,Supplier 4,P004,2024-01-11,2024-01-09,2,4.3,1015,2024.0,1.0,11.0,Thursday,1.0,2024,1,9,Tuesday,1
S003,Supplier 3,P006,2024-06-26,2024-06-26,0,4.7,540,2024.0,6.0,26.0,Wednesday,2.0,2024,6,26,Wednesday,2
S001,Supplier 1,P001,2024-09-27,2024-09-22,5,3.5,2862,2024.0,9.0,27.0,Friday,3.0,2024,9,22,Sunday,3
S004,Supplier 4,P006,2024-09-14,2024-09-08,6,4.4,3140,2024.0,9.0,14.0,Saturday,3.0,2024,9,8,Sunday,3
S001,Supplier 1,P003,2024-01-09,2024-01-08,1,3.4,1095,2024.0,1.0,9.0,Tuesday,1.0,2024,1,8,Monday,1
S004,Supplier 4,P005,2024-06-29,2024-06-24,5,4.2,2583,2024.0,6.0,29.0,Saturday,2.0,2024,6,24,Monday,2
S002,Supplier 2,P001,2024-09-22,2024-09-19,3,4.1,4521,2024.0,9.0,22.0,Sunday,3.0,2024,9,19,Thursday,3
S004,Supplier 4,P004,2024-04-24,2024-04-18,6,4.7,4788,2024.0,4.0,24.0,Wednesday,2.0,2024,4,18,Thursday,2
S003,Supplier 3,P005,2024-10-02,2024-09-29,3,3.2,1272,2024.0,10.0,2.0,Wednesday,4.0,2024,9,29,Sunday,3
S001,Supplier 1,P005,2024-08-25,2024-08-18,7,4.9,3221,2024.0,8.0,25.0,Sunday,3.0,2024,8,18,Sunday,3
S004,Supplier 4,P002,2024-04-25,2024-04-19,6,4.3,4123,2024.0,4.0,25.0,Thursday,2.0,2024,4,19,Friday,2
S004,Supplier 4,P004,2024-12-13,2024-12-06,7,4.3,1657,2024.0,12.0,13.0,Friday,4.0,2024,12,6,Friday,4
S004,Supplier 4,P005,2024-01-15,2024-01-11,4,3.7,2701,2024.0,1.0,15.0,Monday,1.0,2024,1,11,Thursday,1
S004,Supplier 4,P002,2024-06-07,2024-05-31,7,3.9,4861,2024.0,6.0,7.0,Friday,2.0,2024,5,31,Friday,2
S001,Supplier 1,P002,2024-01-06,2024-01-06,0,4.9,3567,2024.0,1.0,6.0,Saturday,1.0,2024,1,6,Saturday,1
S004,Supplier 4,P001,2024-10-14,2024-10-13,1,4.9,760,2024.0,10.0,14.0,Monday,4.0,2024,10,13,Sunday,4
S004,Supplier 4,P006,2024-07-26,2024-07-25,1,3.8,3824,2024.0,7.0,26.0,Friday,3.0,2024,7,25,Thursday,3
S003,Supplier 3,P004,2024-11-24,2024-11-22,2,4.8,4841,2024.0,11.0,24.0,Sunday,4.0,2024,11,22,Friday,4
S001,Supplier 1,P001,2024-07-31,2024-07-30,1,3.1,741,2024.0,7.0,31.0,Wednesday,3.0,2024,7,30,Tuesday,3
S001,Supplier 1,P006,2025-01-05,2024-12-30,6,4.2,4742,2025.0,1.0,5.0,Sunday,1.0,2024,12,30,Monday,4
S002,Supplier 2,P005,2024-02-25,2024-02-25,3,3.7,3602,2024.0,2.0,25.0,Sunday,1.0,2024,2,25,Sunday,1
S004,Supplier 4,P002,2024-03-13,2024-03-09,4,3.7,2034,2024.0,3.0,13.0,Wednesday,1.0,2024,3,9,Saturday,1
S001,Supplier 1,P002,2024-09-01,2024-08-26,6,3.5,4610,2024.0,9.0,1.0,Sunday,3.0,2024,8,26,Monday,3
S001,Supplier 1,P001,2024-01-11,2024-01-10,1,4.2,1134,2024.0,1.0,11.0,Thursday,1.0,2024,1,10,Wednesday,1
S002,Supplier 2,P001,2024-06-20,2024-06-20,0,4.3,3684,2024.0,6.0,20.0,Thursday,2.0,2024,6,20,Thursday,2
S003,Supplier 3,P005,2024-01-30,2024-01-30,3,4.5,2470,2024.0,1.0,30.0,Tuesday,1.0,2024,1,30,Tuesday,1
S003,Supplier 3,P003,2024-03-01,2024-02-29,1,4.4,3277,2024.0,3.0,1.0,Friday,1.0,2024,2,29,Thursday,1
S002,Supplier 2,P005,2024-10-18,2024-10-14,4,3.3,4211,2024.0,10.0,18.0,Friday,4.0,2024,10,14,Monday,4
S003,Supplier 3,P005,2024-11-24,2024-11-19,5,4.1,4691,2024.0,11.0,24.0,Sunday,4.0,2024,11,19,Tuesday,4
S004,Supplier 4,P004,2024-03-18,2024-03-18,0,4.9,2215,2024.0,3.0,18.0,Monday,1.0,2024,3,18,Monday,1
S003,Supplier 3,P001,2024-01-18,2024-01-17,1,4.0,1745,2024.0,1.0,18.0,Thursday,1.0,2024,1,17,Wednesday,1
S001,Supplier 1,P004,2024-01-04,2024-01-01,3,3.3,4591,2024.0,1.0,4.0,Thursday,1.0,2024,1,1,Monday,1
S002,Supplier 2,P003,2024-11-08,2024-11-02,6,4.9,4529,2024.0,11.0,8.0,Friday,4.0,2024,11,2,Saturday,4
S002,Supplier 2,P005,2024-07-14,2024-07-14,3,3.1,2353,2024.0,7.0,14.0,Sunday,3.0,2024,7,14,Sunday,3
S004,Supplier 4,P003,2024-09-06,2024-09-04,2,4.2,1569,2024.0,9.0,6.0,Friday,3.0,2024,9,4,Wednesday,3
S002,Supplier 2,P003,2024-06-04,2024-06-04,0,4.2,3968,2024.0,6.0,4.0,Tuesday,2.0,2024,6,4,Tuesday,2
S004,Supplier 4,P006,2024-07-30,2024-07-28,2,3.7,654,2024.0,7.0,30.0,Tuesday,3.0,2024,7,28,Sunday,3
S003,Supplier 3,P004,2024-06-03,2024-06-03,0,4.3,2733,2024.0,6.0,3.0,Monday,2.0,2024,6,3,Monday,2
S002,Supplier 2,P004,2024-10-23,2024-10-23,0,4.6,4564,2024.0,10.0,23.0,Wednesday,4.0,2024,10,23,Wednesday,4
S001,Supplier 1,P006,2024-12-21,2024-12-16,5,4.8,4794,2024.0,12.0,21.0,Saturday,4.0,2024,12,16,Monday,4
S001,Supplier 1,P006,2024-11-22,2024-11-16,6,3.2,1318,2024.0,11.0,22.0,Friday,4.0,2024,11,16,Saturday,4
S001,Supplier 1,P003,2024-12-04,2024-12-02,2,4.7,1073,2024.0,12.0,4.0,Wednesday,4.0,2024,12,2,Monday,4
S001,Supplier 1,P002,2024-08-22,2024-08-22,3,4.9,2142,2024.0,8.0,22.0,Thursday,3.0,2024,8,22,Thursday,3
S004,Supplier 4,P005,2024-12-07,2024-12-04,3,4.6,3204,2024.0,12.0,7.0,Saturday,4.0,2024,12,4,Wednesday,4
S004,Supplier 4,P005,2024-09-06,2024-09-01,5,3.8,4352,2024.0,9.0,6.0,Friday,3.0,2024,9,1,Sunday,3
S001,Supplier 1,P002,2024-07-22,2024-07-22,3,3.3,993,2024.0,7.0,22.0,Monday,3.0,2024,7,22,Monday,3
S003,Supplier 3,P002,2024-04-04,2024-03-28,7,3.6,2783,2024.0,4.0,4.0,Thursday,2.0,2024,3,28,Thursday,1
S004,Supplier 4,P006,2024-10-19,2024-10-19,0,4.7,3131,2024.0,10.0,19.0,Saturday,4.0,2024,10,19,Saturday,4
S003,Supplier 3,P004,2024-11-25,2024-11-19,6,4.6,1160,2024.0,11.0,25.0,Monday,4.0,2024,11,19,Tuesday,4
S004,Supplier 4,P001,2024-07-26,2024-07-23,3,3.3,4368,2024.0,7.0,26.0,Friday,3.0,2024,7,23,Tuesday,3
S001,Supplier 1,P003,2024-02-19,2024-02-19,3,4.2,4544,2024.0,2.0,19.0,Monday,1.0,2024,2,19,Monday,1
S002,Supplier 2,P005,2024-01-15,2024-01-14,1,3.4,2589,2024.0,1.0,15.0,Monday,1.0,2024,1,14,Sunday,1
S002,Supplier 2,P006,2024-12-29,2024-12-26,3,3.1,1092,2024.0,12.0,29.0,Sunday,4.0,2024,12,26,Thursday,4
S003,Supplier 3,P002,2024-11-23,2024-11-22,1,4.2,2309,2024.0,11.0,23.0,Saturday,4.0,2024,11,22,Friday,4
S001,Supplier 1,P005,2024-12-07,2024-12-07,3,4.7,4219,2024.0,12.0,7.0,Saturday,4.0,2024,12,7,Saturday,4
S001,Supplier 1,P001,2024-05-29,2024-05-26,3,4.7,566,2024.0,5.0,29.0,Wednesday,2.0,2024,5,26,Sunday,2
S003,Supplier 3,P005,2024-12-29,2024-12-25,4,4.9,1676,2024.0,12.0,29.0,Sunday,4.0,2024,12,25,Wednesday,4
S003,Supplier 3,P001,2024-03-18,2024-03-17,1,3.7,4379,2024.0,3.0,18.0,Monday,1.0,2024,3,17,Sunday,1
S001,Supplier 1,P002,2024-07-30,2024-07-30,0,3.8,3266,2024.0,7.0,30.0,Tuesday,3.0,2024,7,30,Tuesday,3
S004,Supplier 4,P006,2024-08-10,2024-08-10,3,3.6,2883,2024.0,8.0,10.0,Saturday,3.0,2024,8,10,Saturday,3
S004,Supplier 4,P005,2024-03-02,2024-03-02,0,3.5,3295,2024.0,3.0,2.0,Saturday,1.0,2024,3,2,Saturday,1
S002,Supplier 2,P005,2024-08-22,2024-08-16,6,4.0,2402,2024.0,8.0,22.0,Thursday,3.0,2024,8,16,Friday,3
S004,Supplier 4,P006,2024-05-29,2024-05-28,1,3.0,1130,2024.0,5.0,29.0,Wednesday,2.0,2024,5,28,Tuesday,2
S001,Supplier 1,P002,2024-07-19,2024-07-19,3,4.5,3946,2024.0,7.0,19.0,Friday,3.0,2024,7,19,Friday,3
S001,Supplier 1,P003,2024-12-25,2024-12-19,6,3.9,1815,2024.0,12.0,25.0,Wednesday,4.0,2024,12,19,Thursday,4
S002,Supplier 2,P003,2024-11-18,2024-11-13,5,3.1,4151,2024.0,11.0,18.0,Monday,4.0,2024,11,13,Wednesday,4
S002,Supplier 2,P001,2024-04-30,2024-04-30,3,3.2,1974,2024.0,4.0,30.0,Tuesday,2.0,2024,4,30,Tuesday,2
S001,Supplier 1,P004,2024-07-03,2024-06-26,7,3.2,4758,2024.0,7.0,3.0,Wednesday,3.0,2024,6,26,Wednesday,2
S003,Supplier 3,P005,2024-08-22,2024-08-22,3,3.5,2749,2024.0,8.0,22.0,Thursday,3.0,2024,8,22,Thursday,3
S004,Supplier 4,P002,2024-08-20,2024-08-17,3,3.5,3417,2024.0,8.0,20.0,Tuesday,3.0,2024,8,17,Saturday,3
S004,Supplier 4,P003,2024-12-21,2024-12-17,4,4.6,1067,2024.0,12.0,21.0,Saturday,4.0,2024,12,17,Tuesday,4
S001,Supplier 1,P006,2024-09-10,2024-09-03,7,4.1,3564,2024.0,9.0,10.0,Tuesday,3.0,2024,9,3,Tuesday,3
S003,Supplier 3,P001,2024-10-13,2024-10-10,3,3.7,543,2024.0,10.0,13.0,Sunday,4.0,2024,10,10,Thursday,4
S004,Supplier 4,P001,2024-10-29,2024-10-29,0,4.3,3124,2024.0,10.0,29.0,Tuesday,4.0,2024,10,29,Tuesday,4
S001,Supplier 1,P004,2024-06-29,2024-06-22,7,3.9,1346,2024.0,6.0,29.0,Saturday,2.0,2024,6,22,Saturday,2
S003,Supplier 3,P005,2024-01-09,2024-01-07,2,3.3,829,2024.0,1.0,9.0,Tuesday,1.0,2024,1,7,Sunday,1
S001,Supplier 1,P004,2024-10-24,2024-10-24,3,4.2,4439,2024.0,10.0,24.0,Thursday,4.0,2024,10,24,Thursday,4
S004,Supplier 4,P003,2024-03-05,2024-02-28,6,3.1,3009,2024.0,3.0,5.0,Tuesday,1.0,2024,2,28,Wednesday,1
S003,Supplier 3,P005,2024-03-17,2024-03-17,0,4.4,1460,2024.0,3.0,17.0,Sunday,1.0,2024,3,17,Sunday,1
S003,Supplier 3,P004,2024-07-19,2024-07-17,2,3.2,1611,2024.0,7.0,19.0,Friday,3.0,2024,7,17,Wednesday,3
S002,Supplier 2,P005,2024-05-17,2024-05-16,1,3.4,523,2024.0,5.0,17.0,Friday,2.0,2024,5,16,Thursday,2
S003,Supplier 3,P004,2024-08-18,2024-08-11,7,3.8,815,2024.0,8.0,18.0,Sunday,3.0,2024,8,11,Sunday,3
S001,Supplier 1,P001,2024-01-10,2024-01-10,0,4.8,1642,2024.0,1.0,10.0,Wednesday,1.0,2024,1,10,Wednesday,1
S002,Supplier 2,P005,2024-05-01,2024-05-01,3,4.4,3413,2024.0,5.0,1.0,Wednesday,2.0,2024,5,1,Wednesday,2
S004,Supplier 4,P003,2024-08-04,2024-07-28,7,3.3,3009,2024.0,8.0,4.0,Sunday,3.0,2024,7,28,Sunday,3
S001,Supplier 1,P003,2024-06-22,2024-06-19,3,4.0,1788,2024.0,6.0,22.0,Saturday,2.0,2024,6,19,Wednesday,2
S004,Supplier 4,P003,2024-09-11,2024-09-08,3,4.4,3280,2024.0,9.0,11.0,Wednesday,3.0,2024,9,8,Sunday,3
S004,Supplier 4,P003,2024-01-26,2024-01-26,0,3.4,4678,2024.0,1.0,26.0,Friday,1.0,2024,1,26,Friday,1
S003,Supplier 3,P001,2024-06-25,2024-06-25,0,3.5,4262,2024.0,6.0,25.0,Tuesday,2.0,2024,6,25,Tuesday,2
S003,Supplier 3,P002,2024-08-02,2024-08-01,1,4.3,4229,2024.0,8.0,2.0,Friday,3.0,2024,8,1,Thursday,3
S003,Supplier 3,P006,2024-08-28,2024-08-21,7,4.2,2978,2024.0,8.0,28.0,Wednesday,3.0,2024,8,21,Wednesday,3
S004,Supplier 4,P001,2024-10-02,2024-10-01,1,3.1,3121,2024.0,10.0,2.0,Wednesday,4.0,2024,10,1,Tuesday,4
S004,Supplier 4,P001,2024-12-02,2024-12-02,3,4.8,540,2024.0,12.0,2.0,Monday,4.0,2024,12,2,Monday,4
S001,Supplier 1,P006,2024-04-10,2024-04-09,1,4.4,2692,2024.0,4.0,10.0,Wednesday,2.0,2024,4,9,Tuesday,2
S004,Supplier 4,P006,2024-10-13,2024-10-07,6,3.3,2117,2024.0,10.0,13.0,Sunday,4.0,2024,10,7,Monday,4
S002,Supplier 2,P003,2024-11-02,2024-10-30,3,4.2,2409,2024.0,11.0,2.0,Saturday,4.0,2024,10,30,Wednesday,4
S001,Supplier 1,P006,2024-02-27,2024-02-27,3,3.1,4537,2024.0,2.0,27.0,Tuesday,1.0,2024,2,27,Tuesday,1
S001,Supplier 1,P005,2024-09-06,2024-09-02,4,4.1,4828,2024.0,9.0,6.0,Friday,3.0,2024,9,2,Monday,3
S003,Supplier 3,P002,2024-07-04,2024-06-29,5,4.6,1916,2024.0,7.0,4.0,Thursday,3.0,2024,6,29,Saturday,2
S004,Supplier 4,P005,2024-11-12,2024-11-11,1,4.2,4540,2024.0,11.0,12.0,Tuesday,4.0,2024,11,11,Monday,4
S004,Supplier 4,P004,2024-03-18,2024-03-16,2,3.6,2703,2024.0,3.0,18.0,Monday,1.0,2024,3,16,Saturday,1
S004,Supplier 4,P003,2024-03-25,2024-03-21,4,3.2,1968,2024.0,3.0,25.0,Monday,1.0,2024,3,21,Thursday,1
S002,Supplier 2,P002,2024-12-11,2024-12-11,3,3.8,3503,2024.0,12.0,11.0,Wednesday,4.0,2024,12,11,Wednesday,4
S001,Supplier 1,P005,2024-08-15,2024-08-13,2,4.1,4765,2024.0,8.0,15.0,Thursday,3.0,2024,8,13,Tuesday,3
S002,Supplier 2,P005,2024-10-08,2024-10-01,7,3.1,1742,2024.0,10.0,8.0,Tuesday,4.0,2024,10,1,Tuesday,4
S004,Supplier 4,P002,2024-04-09,2024-04-02,7,3.2,3921,2024.0,4.0,9.0,Tuesday,2.0,2024,4,2,Tuesday,2
S001,Supplier 1,P001,2024-01-11,2024-01-04,7,3.5,1530,2024.0,1.0,11.0,Thursday,1.0,2024,1,4,Thursday,1
S003,Supplier 3,P005,2024-05-04,2024-05-02,2,3.2,2989,2024.0,5.0,4.0,Saturday,2.0,2024,5,2,Thursday,2
S004,Supplier 4,P004,2024-06-21,2024-06-18,3,4.3,3974,2024.0,6.0,21.0,Friday,2.0,2024,6,18,Tuesday,2
S004,Supplier 4,P006,2024-08-03,2024-08-01,2,4.9,788,2024.0,8.0,3.0,Saturday,3.0,2024,8,1,Thursday,3
S002,Supplier 2,P006,2024-12-13,2024-12-13,0,4.5,3405,2024.0,12.0,13.0,Friday,4.0,2024,12,13,Friday,4
S001,Supplier 1,P005,2024-06-19,2024-06-14,5,4.2,3570,2024.0,6.0,19.0,Wednesday,2.0,2024,6,14,Friday,2
S004,Supplier 4,P005,2024-08-15,2024-08-14,1,4.5,3663,2024.0,8.0,15.0,Thursday,3.0,2024,8,14,Wednesday,3
S002,Supplier 2,P003,2024-07-26,2024-07-26,0,4.9,1646,2024.0,7.0,26.0,Friday,3.0,2024,7,26,Friday,3
S002,Supplier 2,P002,2024-07-30,2024-07-28,2,3.0,3944,2024.0,7.0,30.0,Tuesday,3.0,2024,7,28,Sunday,3
S001,Supplier 1,P001,2024-07-19,2024-07-18,1,4.3,3171,2024.0,7.0,19.0,Friday,3.0,2024,7,18,Thursday,3
S001,Supplier 1,P003,2024-09-30,2024-09-30,3,3.7,4904,2024.0,9.0,30.0,Monday,3.0,2024,9,30,Monday,3
S001,Supplier 1,P001,2024-10-06,2024-10-06,3,4.9,2992,2024.0,10.0,6.0,Sunday,4.0,2024,10,6,Sunday,4
S003,Supplier 3,P005,2024-02-23,2024-02-22,1,3.4,1064,2024.0,2.0,23.0,Friday,1.0,2024,2,22,Thursday,1
S001,Supplier 1,P001,2024-03-22,2024-03-19,3,4.9,3031,2024.0,3.0,22.0,Friday,1.0,2024,3,19,Tuesday,1
S001,Supplier 1,P005,2024-12-18,2024-12-13,5,4.7,4420,2024.0,12.0,18.0,Wednesday,4.0,2024,12,13,Friday,4
S003,Supplier 3,P003,2024-04-03,2024-04-03,0,3.4,4017,2024.0,4.0,3.0,Wednesday,2.0,2024,4,3,Wednesday,2
S002,Supplier 2,P003,2024-08-31,2024-08-29,2,3.8,2494,2024.0,8.0,31.0,Saturday,3.0,2024,8,29,Thursday,3
S003,Supplier 3,P001,2024-11-05,2024-10-31,5,4.0,2368,2024.0,11.0,5.0,Tuesday,4.0,2024,10,31,Thursday,4
S003,Supplier 3,P005,2024-08-23,2024-08-22,1,4.8,3527,2024.0,8.0,23.0,Friday,3.0,2024,8,22,Thursday,3
S004,Supplier 4,P003,2024-11-06,2024-11-03,3,4.3,1044,2024.0,11.0,6.0,Wednesday,4.0,2024,11,3,Sunday,4
S001,Supplier 1,P006,2024-09-18,2024-09-12,6,3.7,2545,2024.0,9.0,18.0,Wednesday,3.0,2024,9,12,Thursday,3
S002,Supplier 2,P006,2024-11-12,2024-11-08,4,3.3,2852,2024.0,11.0,12.0,Tuesday,4.0,2024,11,8,Friday,4
S001,Supplier 1,P006,2024-01-30,2024-01-30,0,3.9,3273,2024.0,1.0,30.0,Tuesday,1.0,2024,1,30,Tuesday,1
S004,Supplier 4,P002,2024-04-08,2024-04-01,7,4.6,3605,2024.0,4.0,8.0,Monday,2.0,2024,4,1,Monday,2
S001,Supplier 1,P001,2024-06-15,2024-06-08,7,3.9,508,2024.0,6.0,15.0,Saturday,2.0,2024,6,8,Saturday,2
S003,Supplier 3,P006,2024-07-01,2024-07-01,0,3.4,4355,2024.0,7.0,1.0,Monday,3.0,2024,7,1,Monday,3
S004,Supplier 4,P002,2024-11-15,2024-11-08,7,3.1,4165,2024.0,11.0,15.0,Friday,4.0,2024,11,8,Friday,4
S002,Supplier 2,P004,2024-07-20,2024-07-13,7,4.2,3491,2024.0,7.0,20.0,Saturday,3.0,2024,7,13,Saturday,3
S001,Supplier 1,P004,2024-11-15,2024-11-10,5,3.3,1597,2024.0,11.0,15.0,Friday,4.0,2024,11,10,Sunday,4
S002,Supplier 2,P006,2024-06-14,2024-06-13,1,4.2,4494,2024.0,6.0,14.0,Friday,2.0,2024,6,13,Thursday,2
S003,Supplier 3,P001,2024-08-25,2024-08-25,0,3.2,1387,2024.0,8.0,25.0,Sunday,3.0,2024,8,25,Sunday,3
S003,Supplier 3,P006,2024-06-11,2024-06-09,2,3.8,2635,2024.0,6.0,11.0,Tuesday,2.0,2024,6,9,Sunday,2
S002,Supplier 2,P006,2024-12-07,2024-11-30,7,3.0,723,2024.0,12.0,7.0,Saturday,4.0,2024,11,30,Saturday,4
S003,Supplier 3,P001,2024-04-19,2024-04-18,1,4.7,2083,2024.0,4.0,19.0,Friday,2.0,2024,4,18,Thursday,2
S001,Supplier 1,P003,2024-11-27,2024-11-27,0,4.4,3710,2024.0,11.0,27.0,Wednesday,4.0,2024,11,27,Wednesday,4
S003,Supplier 3,P001,2024-10-04,2024-09-30,4,3.1,1256,2024.0,10.0,4.0,Friday,4.0,2024,9,30,Monday,3
S004,Supplier 4,P005,2024-11-01,2024-11-01,3,3.8,4976,2024.0,11.0,1.0,Friday,4.0,2024,11,1,Friday,4
S001,Supplier 1,P002,2024-01-20,2024-01-13,7,3.5,611,2024.0,1.0,20.0,Saturday,1.0,2024,1,13,Saturday,1
S004,Supplier 4,P003,2024-06-23,2024-06-22,1,4.2,4724,2024.0,6.0,23.0,Sunday,2.0,2024,6,22,Saturday,2
S004,Supplier 4,P005,2024-09-15,2024-09-12,3,4.4,3873,2024.0,9.0,15.0,Sunday,3.0,2024,9,12,Thursday,3
S002,Supplier 2,P004,2024-04-17,2024-04-16,1,3.1,2071,2024.0,4.0,17.0,Wednesday,2.0,2024,4,16,Tuesday,2
S001,Supplier 1,P001,2024-02-13,2024-02-13,3,4.9,1290,2024.0,2.0,13.0,Tuesday,1.0,2024,2,13,Tuesday,1
S004,Supplier 4,P003,2024-01-15,2024-01-15,0,4.7,2539,2024.0,1.0,15.0,Monday,1.0,2024,1,15,Monday,1
S003,Supplier 3,P005,2024-11-02,2024-11-02,0,3.3,974,2024.0,11.0,2.0,Saturday,4.0,2024,11,2,Saturday,4
S002,Supplier 2,P004,2024-10-17,2024-10-13,4,3.3,3210,2024.0,10.0,17.0,Thursday,4.0,2024,10,13,Sunday,4
S001,Supplier 1,P003,2024-12-28,2024-12-25,3,4.0,1806,2024.0,12.0,28.0,Saturday,4.0,2024,12,25,Wednesday,4
S001,Supplier 1,P001,2024-03-19,2024-03-18,1,3.6,2923,2024.0,3.0,19.0,Tuesday,1.0,2024,3,18,Monday,1
S002,Supplier 2,P005,2024-01-04,2024-01-03,1,3.4,1101,2024.0,1.0,4.0,Thursday,1.0,2024,1,3,Wednesday,1
S004,Supplier 4,P005,2024-01-26,2024-01-19,7,3.2,835,2024.0,1.0,26.0,Friday,1.0,2024,1,19,Friday,1
S004,Supplier 4,P005,2024-10-28,2024-10-21,7,5.0,1175,2024.0,10.0,28.0,Monday,4.0,2024,10,21,Monday,4
S003,Supplier 3,P003,2024-07-14,2024-07-12,2,4.0,1767,2024.0,7.0,14.0,Sunday,3.0,2024,7,12,Friday,3
S003,Supplier 3,P004,2024-10-15,2024-10-15,0,4.4,2746,2024.0,10.0,15.0,Tuesday,4.0,2024,10,15,Tuesday,4
S002,Supplier 2,P001,2024-03-31,2024-03-31,0,4.5,3227,2024.0,3.0,31.0,Sunday,1.0,2024,3,31,Sunday,1
S003,Supplier 3,P005,2024-12-05,2024-11-28,7,4.5,1302,2024.0,12.0,5.0,Thursday,4.0,2024,11,28,Thursday,4
S004,Supplier 4,P002,2024-02-25,2024-02-25,3,5.0,4488,2024.0,2.0,25.0,Sunday,1.0,2024,2,25,Sunday,1
S004,Supplier 4,P004,2024-02-21,2024-02-17,4,3.7,2575,2024.0,2.0,21.0,Wednesday,1.0,2024,2,17,Saturday,1
S002,Supplier 2,P005,2024-12-15,2024-12-14,1,4.6,4931,2024.0,12.0,15.0,Sunday,4.0,2024,12,14,Saturday,4
S003,Supplier 3,P003,2024-10-15,2024-10-15,0,4.6,2774,2024.0,10.0,15.0,Tuesday,4.0,2024,10,15,Tuesday,4
S003,Supplier 3,P004,2024-01-23,2024-01-19,4,4.3,1768,2024.0,1.0,23.0,Tuesday,1.0,2024,1,19,Friday,1
S002,Supplier 2,P004,2024-12-24,2024-12-23,1,3.0,3531,2024.0,12.0,24.0,Tuesday,4.0,2024,12,23,Monday,4
S001,Supplier 1,P003,2024-03-14,2024-03-14,3,3.1,700,2024.0,3.0,14.0,Thursday,1.0,2024,3,14,Thursday,1
S001,Supplier 1,P003,2024-09-08,2024-09-08,0,4.2,4628,2024.0,9.0,8.0,Sunday,3.0,2024,9,8,Sunday,3
S001,Supplier 1,P003,2024-12-24,2024-12-18,6,4.7,3387,2024.0,12.0,24.0,Tuesday,4.0,2024,12,18,Wednesday,4
S001,Supplier 1,P002,2025-01-01,2024-12-25,7,4.4,3943,2025.0,1.0,1.0,Wednesday,1.0,2024,12,25,Wednesday,4
S004,Supplier 4,P002,2024-11-20,2024-11-14,6,4.2,3124,2024.0,11.0,20.0,Wednesday,4.0,2024,11,14,Thursday,4
S004,Supplier 4,P004,2024-07-29,2024-07-29,3,4.6,2248,2024.0,7.0,29.0,Monday,3.0,2024,7,29,Monday,3
S001,Supplier 1,P001,2024-10-02,2024-10-02,3,4.9,645,2024.0,10.0,2.0,Wednesday,4.0,2024,10,2,Wednesday,4
S004,Supplier 4,P006,2024-04-03,2024-03-31,3,3.9,2200,2024.0,4.0,3.0,Wednesday,2.0,2024,3,31,Sunday,1
S004,Supplier 4,P001,2024-08-22,2024-08-17,5,3.4,4495,2024.0,8.0,22.0,Thursday,3.0,2024,8,17,Saturday,3
S002,Supplier 2,P001,2024-04-29,2024-04-22,7,3.7,4689,2024.0,4.0,29.0,Monday,2.0,2024,4,22,Monday,2
S001,Supplier 1,P001,2024-07-04,2024-06-27,7,4.0,877,2024.0,7.0,4.0,Thursday,3.0,2024,6,27,Thursday,2
S004,Supplier 4,P006,2024-04-14,2024-04-09,5,3.6,1551,2024.0,4.0,14.0,Sunday,2.0,2024,4,9,Tuesday,2
S002,Supplier 2,P002,2024-08-04,2024-08-02,2,3.1,890,2024.0,8.0,4.0,Sunday,3.0,2024,8,2,Friday,3
S001,Supplier 1,P002,2024-02-01,2024-02-01,0,4.7,1873,2024.0,2.0,1.0,Thursday,1.0,2024,2,1,Thursday,1
S003,Supplier 3,P002,2024-11-20,2024-11-20,0,3.2,4477,2024.0,11.0,20.0,Wednesday,4.0,2024,11,20,Wednesday,4
S003,Supplier 3,P001,2024-06-21,2024-06-17,4,3.8,2662,2024.0,6.0,21.0,Friday,2.0,2024,6,17,Monday,2
S001,Supplier 1,P001,2024-10-09,2024-10-08,1,3.9,2632,2024.0,10.0,9.0,Wednesday,4.0,2024,10,8,Tuesday,4
S001,Supplier 1,P003,2024-04-14,2024-04-13,1,4.8,2338,2024.0,4.0,14.0,Sunday,2.0,2024,4,13,Saturday,2
S002,Supplier 2,P006,2024-02-09,2024-02-04,5,4.7,3336,2024.0,2.0,9.0,Friday,1.0,2024,2,4,Sunday,1
S004,Supplier 4,P003,2024-11-02,2024-10-30,3,3.1,1982,2024.0,11.0,2.0,Saturday,4.0,2024,10,30,Wednesday,4
S002,Supplier 2,P002,2024-02-11,2024-02-11,3,4.2,796,2024.0,2.0,11.0,Sunday,1.0,2024,2,11,Sunday,1
S003,Supplier 3,P003,2024-06-23,2024-06-17,6,3.8,4959,2024.0,6.0,23.0,Sunday,2.0,2024,6,17,Monday,2
S002,Supplier 2,P003,2024-06-18,2024-06-14,4,4.0,2934,2024.0,6.0,18.0,Tuesday,2.0,2024,6,14,Friday,2
S003,Supplier 3,P004,2024-09-07,2024-09-06,1,3.4,3231,2024.0,9.0,7.0,Saturday,3.0,2024,9,6,Friday,3
S002,Supplier 2,P003,2024-10-08,2024-10-06,2,3.3,751,2024.0,10.0,8.0,Tuesday,4.0,2024,10,6,Sunday,4
S004,Supplier 4,P005,2024-01-30,2024-01-30,0,3.9,2262,2024.0,1.0,30.0,Tuesday,1.0,2024,1,30,Tuesday,1
S001,Supplier 1,P006,2024-05-30,2024-05-26,4,4.6,955,2024.0,5.0,30.0,Thursday,2.0,2024,5,26,Sunday,2
S002,Supplier 2,P002,2024-06-13,2024-06-06,7,4.6,3944,2024.0,6.0,13.0,Thursday,2.0,2024,6,6,Thursday,2
S002,Supplier 2,P005,2024-05-29,2024-05-24,5,3.3,2292,2024.0,5.0,29.0,Wednesday,2.0,2024,5,24,Friday,2
S004,Supplier 4,P004,2024-03-07,2024-03-07,3,3.7,4420,2024.0,3.0,7.0,Thursday,1.0,2024,3,7,Thursday,1
S002,Supplier 2,P003,2024-09-30,2024-09-25,5,4.6,4798,2024.0,9.0,30.0,Monday,3.0,2024,9,25,Wednesday,3
S004,Supplier 4,P005,2024-09-15,2024-09-10,5,4.5,4472,2024.0,9.0,15.0,Sunday,3.0,2024,9,10,Tuesday,3
S003,Supplier 3,P002,2024-04-18,2024-04-16,2,4.1,2287,2024.0,4.0,18.0,Thursday,2.0,2024,4,16,Tuesday,2
S001,Supplier 1,P001,2024-05-19,2024-05-14,5,4.1,4403,2024.0,5.0,19.0,Sunday,2.0,2024,5,14,Tuesday,2
S001,Supplier 1,P006,2024-11-04,2024-10-28,7,3.0,2441,2024.0,11.0,4.0,Monday,4.0,2024,10,28,Monday,4
S004,Supplier 4,P006,2024-01-29,2024-01-22,7,3.6,2268,2024.0,1.0,29.0,Monday,1.0,2024,1,22,Monday,1
S001,Supplier 1,P001,2024-07-09,2024-07-06,3,3.1,3358,2024.0,7.0,9.0,Tuesday,3.0,2024,7,6,Saturday,3
S003,Supplier 3,P004,2024-02-05,2024-01-29,7,3.3,2929,2024.0,2.0,5.0,Monday,1.0,2024,1,29,Monday,1
S001,Supplier 1,P002,2024-04-20,2024-04-13,7,4.6,948,2024.0,4.0,20.0,Saturday,2.0,2024,4,13,Saturday,2
S002,Supplier 2,P006,2024-12-13,2024-12-13,3,3.4,2518,2024.0,12.0,13.0,Friday,4.0,2024,12,13,Friday,4
S003,Supplier 3,P004,2024-01-01,2024-01-01,0,3.8,3486,2024.0,1.0,1.0,Monday,1.0,2024,1,1,Monday,1
S004,Supplier 4,P002,2024-01-30,2024-01-23,7,4.5,3693,2024.0,1.0,30.0,Tuesday,1.0,2024,1,23,Tuesday,1
S003,Supplier 3,P002,2024-03-18,2024-03-18,3,3.4,4952,2024.0,3.0,18.0,Monday,1.0,2024,3,18,Monday,1
S004,Supplier 4,P004,2024-12-04,2024-11-29,5,3.0,2862,2024.0,12.0,4.0,Wednesday,4.0,2024,11,29,Friday,4
S003,Supplier 3,P001,2024-01-18,2024-01-16,2,3.7,3934,2024.0,1.0,18.0,Thursday,1.0,2024,1,16,Tuesday,1
S002,Supplier 2,P005,2024-10-02,2024-09-25,7,4.0,3162,2024.0,10.0,2.0,Wednesday,4.0,2024,9,25,Wednesday,3
S002,Supplier 2,P003,2024-09-13,2024-09-11,2,3.5,4705,2024.0,9.0,13.0,Friday,3.0,2024,9,11,Wednesday,3
S002,Supplier 2,P006,2024-10-18,2024-10-15,3,4.1,3786,2024.0,10.0,18.0,Friday,4.0,2024,10,15,Tuesday,4
S004,Supplier 4,P006,2024-05-02,2024-04-26,6,3.0,4279,2024.0,5.0,2.0,Thursday,2.0,2024,4,26,Friday,2
S003,Supplier 3,P002,2024-08-26,2024-08-26,0,4.6,4372,2024.0,8.0,26.0,Monday,3.0,2024,8,26,Monday,3
S003,Supplier 3,P001,2024-05-29,2024-05-29,0,4.7,2594,2024.0,5.0,29.0,Wednesday,2.0,2024,5,29,Wednesday,2
S003,Supplier 3,P005,2024-04-20,2024-04-20,3,4.6,1325,2024.0,4.0,20.0,Saturday,2.0,2024,4,20,Saturday,2
S001,Supplier 1,P001,2024-01-15,2024-01-09,6,3.6,1363,2024.0,1.0,15.0,Monday,1.0,2024,1,9,Tuesday,1
S001,Supplier 1,P001,2024-04-28,2024-04-28,0,4.5,3275,2024.0,4.0,28.0,Sunday,2.0,2024,4,28,Sunday,2
S002,Supplier 2,P004,2024-06-30,2024-06-25,5,3.0,3092,2024.0,6.0,30.0,Sunday,2.0,2024,6,25,Tuesday,2
S002,Supplier 2,P003,2024-11-17,2024-11-17,3,4.3,2533,2024.0,11.0,17.0,Sunday,4.0,2024,11,17,Sunday,4
S002,Supplier 2,P005,2024-02-27,2024-02-24,3,4.5,1128,2024.0,2.0,27.0,Tuesday,1.0,2024,2,24,Saturday,1
S004,Supplier 4,P001,2024-06-18,2024-06-18,0,4.6,819,2024.0,6.0,18.0,Tuesday,2.0,2024,6,18,Tuesday,2
S003,Supplier 3,P001,2024-06-01,2024-05-31,1,5.0,2946,2024.0,6.0,1.0,Saturday,2.0,2024,5,31,Friday,2
S001,Supplier 1,P006,2024-04-23,2024-04-20,3,3.6,4906,2024.0,4.0,23.0,Tuesday,2.0,2024,4,20,Saturday,2
S002,Supplier 2,P001,2024-09-19,2024-09-19,3,3.5,1841,2024.0,9.0,19.0,Thursday,3.0,2024,9,19,Thursday,3
S003,Supplier 3,P001,2024-04-30,2024-04-30,3,4.1,2003,2024.0,4.0,30.0,Tuesday,2.0,2024,4,30,Tuesday,2
S002,Supplier 2,P002,2024-10-20,2024-10-17,3,3.1,2041,2024.0,10.0,20.0,Sunday,4.0,2024,10,17,Thursday,4
S001,Supplier 1,P003,2024-09-14,2024-09-12,2,4.9,4928,2024.0,9.0,14.0,Saturday,3.0,2024,9,12,Thursday,3
S004,Supplier 4,P003,2024-09-16,2024-09-16,0,3.9,663,2024.0,9.0,16.0,Monday,3.0,2024,9,16,Monday,3
S001,Supplier 1,P001,2024-03-20,2024-03-17,3,3.5,4272,2024.0,3.0,20.0,Wednesday,1.0,2024,3,17,Sunday,1
S004,Supplier 4,P005,2024-03-09,2024-03-02,7,4.1,2431,2024.0,3.0,9.0,Saturday,1.0,2024,3,2,Saturday,1
S001,Supplier 1,P005,2024-03-31,2024-03-29,2,4.1,2578,2024.0,3.0,31.0,Sunday,1.0,2024,3,29,Friday,1
S002,Supplier 2,P001,2024-03-16,2024-03-16,3,4.9,1811,2024.0,3.0,16.0,Saturday,1.0,2024,3,16,Saturday,1
S002,Supplier 2,P003,2024-05-31,2024-05-28,3,3.0,1594,2024.0,5.0,31.0,Friday,2.0,2024,5,28,Tuesday,2
S001,Supplier 1,P005,2024-03-02,2024-02-24,7,3.5,3999,2024.0,3.0,2.0,Saturday,1.0,2024,2,24,Saturday,1
S004,Supplier 4,P005,2024-09-20,2024-09-15,5,3.3,4365,2024.0,9.0,20.0,Friday,3.0,2024,9,15,Sunday,3
S003,Supplier 3,P005,2024-06-12,2024-06-11,1,3.6,4845,2024.0,6.0,12.0,Wednesday,2.0,2024,6,11,Tuesday,2
S003,Supplier 3,P002,2024-04-18,2024-04-18,3,4.2,4017,2024.0,4.0,18.0,Thursday,2.0,2024,4,18,Thursday,2
S003,Supplier 3,P003,2024-11-26,2024-11-23,3,4.1,3329,2024.0,11.0,26.0,Tuesday,4.0,2024,11,23,Saturday,4
S001,Supplier 1,P006,2024-01-24,2024-01-24,3,4.9,1024,2024.0,1.0,24.0,Wednesday,1.0,2024,1,24,Wednesday,1
S001,Supplier 1,P004,2024-08-10,2024-08-05,5,3.1,4861,2024.0,8.0,10.0,Saturday,3.0,2024,8,5,Monday,3
S004,Supplier 4,P006,2024-02-27,2024-02-22,5,4.1,2460,2024.0,2.0,27.0,Tuesday,1.0,2024,2,22,Thursday,1
S004,Supplier 4,P002,2024-01-28,2024-01-24,4,3.9,1106,2024.0,1.0,28.0,Sunday,1.0,2024,1,24,Wednesday,1
S001,Supplier 1,P001,2024-06-08,2024-06-06,2,3.2,1966,2024.0,6.0,8.0,Saturday,2.0,2024,6,6,Thursday,2
S001,Supplier 1,P006,2024-05-03,2024-04-28,5,3.9,2823,2024.0,5.0,3.0,Friday,2.0,2024,4,28,Sunday,2
S002,Supplier 2,P005,2024-04-13,2024-04-08,5,3.7,3501,2024.0,4.0,13.0,Saturday,2.0,2024,4,8,Monday,2
S001,Supplier 1,P002,2024-05-07,2024-05-03,4,3.2,863,2024.0,5.0,7.0,Tuesday,2.0,2024,5,3,Friday,2
S001,Supplier 1,P006,2024-08-25,2024-08-24,1,4.8,4136,2024.0,8.0,25.0,Sunday,3.0,2024,8,24,Saturday,3
S003,Supplier 3,P006,2024-01-06,2024-01-06,3,3.3,1879,2024.0,1.0,6.0,Saturday,1.0,2024,1,6,Saturday,1
S004,Supplier 4,P006,2024-10-26,2024-10-20,6,3.5,510,2024.0,10.0,26.0,Saturday,4.0,2024,10,20,Sunday,4
S003,Supplier 3,P003,2024-01-16,2024-01-09,7,3.8,1636,2024.0,1.0,16.0,Tuesday,1.0,2024,1,9,Tuesday,1
S004,Supplier 4,P002,2024-02-24,2024-02-20,4,4.6,4601,2024.0,2.0,24.0,Saturday,1.0,2024,2,20,Tuesday,1
S002,Supplier 2,P006,2024-01-19,2024-01-13,6,4.5,2073,2024.0,1.0,19.0,Friday,1.0,2024,1,13,Saturday,1
S004,Supplier 4,P002,2024-05-06,2024-05-06,0,3.5,4417,2024.0,5.0,6.0,Monday,2.0,2024,5,6,Monday,2
S002,Supplier 2,P003,2024-06-11,2024-06-11,0,3.3,3417,2024.0,6.0,11.0,Tuesday,2.0,2024,6,11,Tuesday,2
S001,Supplier 1,P002,2024-07-30,2024-07-27,3,4.2,1497,2024.0,7.0,30.0,Tuesday,3.0,2024,7,27,Saturday,3
S003,Supplier 3,P004,2024-08-28,2024-08-27,1,3.1,2417,2024.0,8.0,28.0,Wednesday,3.0,2024,8,27,Tuesday,3
S001,Supplier 1,P003,2024-11-25,2024-11-18,7,4.8,514,2024.0,11.0,25.0,Monday,4.0,2024,11,18,Monday,4
S002,Supplier 2,P002,2024-03-20,2024-03-20,3,4.7,524,2024.0,3.0,20.0,Wednesday,1.0,2024,3,20,Wednesday,1
S002,Supplier 2,P006,2024-12-15,2024-12-10,5,3.8,1588,2024.0,12.0,15.0,Sunday,4.0,2024,12,10,Tuesday,4
S001,Supplier 1,P003,2024-10-22,2024-10-21,1,3.1,1129,2024.0,10.0,22.0,Tuesday,4.0,2024,10,21,Monday,4
S003,Supplier 3,P002,2024-12-31,2024-12-30,1,4.9,1758,2024.0,12.0,31.0,Tuesday,4.0,2024,12,30,Monday,4
S001,Supplier 1,P004,2024-10-27,2024-10-27,0,4.4,801,2024.0,10.0,27.0,Sunday,4.0,2024,10,27,Sunday,4
S002,Supplier 2,P002,2024-05-15,2024-05-11,4,3.5,1607,2024.0,5.0,15.0,Wednesday,2.0,2024,5,11,Saturday,2
S002,Supplier 2,P004,2024-04-10,2024-04-04,6,3.8,3433,2024.0,4.0,10.0,Wednesday,2.0,2024,4,4,Thursday,2
S003,Supplier 3,P006,2024-10-06,2024-09-30,6,4.9,4161,2024.0,10.0,6.0,Sunday,4.0,2024,9,30,Monday,3
S003,Supplier 3,P002,2024-07-27,2024-07-22,5,5.0,3573,2024.0,7.0,27.0,Saturday,3.0,2024,7,22,Monday,3
S004,Supplier 4,P001,2024-07-20,2024-07-18,2,4.8,1847,2024.0,7.0,20.0,Saturday,3.0,2024,7,18,Thursday,3
S004,Supplier 4,P004,2024-04-03,2024-04-03,0,3.6,1101,2024.0,4.0,3.0,Wednesday,2.0,2024,4,3,Wednesday,2
S003,Supplier 3,P006,2024-01-25,2024-01-19,6,3.8,3450,2024.0,1.0,25.0,Thursday,1.0,2024,1,19,Friday,1
Unknown,Unknown,P002,,2024-02-07,3,4.0,3744,,,,,,2024,2,7,Wednesday,1
S003,Supplier 3,P001,2024-12-14,2024-12-07,5,4.49,3870,2024.0,12.0,14.0,Saturday,4.0,2024,12,7,Saturday,4
S002,Supplier 2,P005,2024-10-08,2024-10-01,6,2.83,1742,2024.0,10.0,8.0,Tuesday,4.0,2024,10,1,Tuesday,4
S002,Supplier 2,P002,2024-10-26,2024-10-26,3,3.45,766,2024.0,10.0,26.0,Saturday,4.0,2024,10,26,Saturday,4
S004,Supplier 4,P001,2024-06-29,2024-06-29,0,4.61,3354,2024.0,6.0,29.0,Saturday,2.0,2024,6,29,Saturday,2
S002,Supplier 2,P005,2024-11-21,2024-11-19,4,4.51,845,2024.0,11.0,21.0,Thursday,4.0,2024,11,19,Tuesday,4
S001,Supplier 1,P004,2024-11-30,2024-11-26,7,3.85,2276,2024.0,11.0,30.0,Saturday,4.0,2024,11,26,Tuesday,4
S004,Supplier 4,P006,2024-08-03,2024-08-01,1,4.99,789,2024.0,8.0,3.0,Saturday,3.0,2024,8,1,Thursday,3
S004,Supplier 4,P006,2024-05-22,2024-05-18,7,7.0,4997,2024.0,5.0,22.0,Wednesday,2.0,2024,5,18,Saturday,2
S002,Supplier 2,P006,2024-06-12,2024-06-07,4,3.49,3693,2024.0,6.0,12.0,Wednesday,2.0,2024,6,7,Friday,2
S003,Supplier 3,P005,2024-03-05,2024-02-29,2,4.0,3312,2024.0,3.0,5.0,Tuesday,1.0,2024,2,29,Thursday,1
S002,Supplier 2,P003,2024-07-26,2024-07-26,3,5.05,1649,2024.0,7.0,26.0,Friday,3.0,2024,7,26,Friday,3
S002,Supplier 2,P005,2024-05-17,2024-05-16,3,3.28,525,2024.0,5.0,17.0,Friday,2.0,2024,5,16,Thursday,2
S001,Supplier 1,P006,2024-08-24,2024-08-19,4,3.34,3921,2024.0,8.0,24.0,Saturday,3.0,2024,8,19,Monday,3
S002,Supplier 2,P005,2024-03-04,2024-03-02,2,4.11,2147,2024.0,3.0,4.0,Monday,1.0,2024,3,2,Saturday,1
S004,Unknown,P003,2024-02-03,2024-02-03,2,3.76,4035,2024.0,2.0,3.0,Saturday,1.0,2024,2,3,Saturday,1
S004,Supplier 4,P006,2024-11-11,2024-11-08,2,3.76,4941,2024.0,11.0,11.0,Monday,4.0,2024,11,8,Friday,4
S003,Supplier 3,P003,2024-02-18,2024-02-16,0,3.74,1045,2024.0,2.0,18.0,Sunday,1.0,2024,2,16,Friday,1
S004,Supplier 4,P006,2024-04-03,2024-03-31,2,4.15,2199,2024.0,4.0,3.0,Wednesday,2.0,2024,3,31,Sunday,1
S002,Supplier 2,P006,2024-12-07,2024-11-30,6,3.0,724,2024.0,12.0,7.0,Saturday,4.0,2024,11,30,Saturday,4
S004,Supplier 4,P004,2024-10-30,2024-10-28,3,3.71,4452,2024.0,10.0,30.0,Wednesday,4.0,2024,10,28,Monday,4
S004,Supplier 4,P001,2024-11-24,2024-11-23,1,4.21,3830,2024.0,11.0,24.0,Sunday,4.0,2024,11,23,Saturday,4
S002,Supplier 2,P002,2024-03-04,2024-03-03,3,4.83,3594,2024.0,3.0,4.0,Monday,1.0,2024,3,3,Sunday,1
S004,Supplier 4,P006,2024-05-29,2024-05-28,3,3.0,1131,2024.0,5.0,29.0,Wednesday,2.0,2024,5,28,Tuesday,2
S004,Supplier 4,P006,2024-09-14,2024-09-08,7,4.65,3139,2024.0,9.0,14.0,Saturday,3.0,2024,9,8,Sunday,3
Unknown,Supplier 2,P005,,2024-03-02,5,4.0,2151,,,,,,2024,3,2,Saturday,1
S001,Supplier 1,P002,2024-09-27,2024-09-20,6,3.89,4445,2024.0,9.0,27.0,Friday,3.0,2024,9,20,Friday,3
S002,Supplier 2,P005,2024-11-01,2024-11-01,3,4.27,3918,2024.0,11.0,1.0,Friday,4.0,2024,11,1,Friday,4
S004,Supplier 4,P004,2024-03-18,2024-03-18,3,5.24,2214,2024.0,3.0,18.0,Monday,1.0,2024,3,18,Monday,1
S002,Supplier 2,P001,2024-09-03,2024-09-02,1,3.3,3264,2024.0,9.0,3.0,Tuesday,3.0,2024,9,2,Monday,3
S003,Unknown,P004,2024-09-12,2024-09-07,6,4.55,1949,2024.0,9.0,12.0,Thursday,3.0,2024,9,7,Saturday,3
S004,Supplier 4,P005,2024-09-20,2024-09-15,3,3.63,4365,2024.0,9.0,20.0,Friday,3.0,2024,9,15,Sunday,3
S002,Supplier 2,P006,2024-09-08,2024-09-03,4,3.64,763,2024.0,9.0,8.0,Sunday,3.0,2024,9,3,Tuesday,3
S002,Supplier 2,P001,2024-04-29,2024-04-22,6,3.42,4691,2024.0,4.0,29.0,Monday,2.0,2024,4,22,Monday,2
S002,Supplier 2,P002,2024-02-06,2024-02-05,3,3.67,1385,2024.0,2.0,6.0,Tuesday,1.0,2024,2,5,Monday,1
S001,Supplier 1,P005,2024-08-25,2024-08-18,7,4.81,3220,2024.0,8.0,25.0,Sunday,3.0,2024,8,18,Sunday,3
S004,Supplier 4,P006,2024-09-14,2024-09-08,3,4.25,3137,2024.0,9.0,14.0,Saturday,3.0,2024,9,8,Sunday,3
S003,Supplier 3,P004,2024-06-03,2024-06-03,2,4.03,2735,2024.0,6.0,3.0,Monday,2.0,2024,6,3,Monday,2
S002,Supplier 2,P002,2024-04-29,2024-04-27,5,4.18,3822,2024.0,4.0,29.0,Monday,2.0,2024,4,27,Saturday,2
S001,Supplier 1,P001,2024-10-02,2024-10-02,0,4.88,643,2024.0,10.0,2.0,Wednesday,4.0,2024,10,2,Wednesday,4
S003,Supplier 3,P005,2024-12-05,2024-11-28,3,4.76,1303,2024.0,12.0,5.0,Thursday,4.0,2024,11,28,Thursday,4
S004,Supplier 4,P006,2024-02-02,2024-01-29,4,3.05,1688,2024.0,2.0,2.0,Friday,1.0,2024,1,29,Monday,1
S002,Supplier 2,P005,2024-02-27,2024-02-24,0,4.71,1131,2024.0,2.0,27.0,Tuesday,1.0,2024,2,24,Saturday,1
S004,Supplier 4,P005,2024-03-09,2024-03-02,7,4.41,2432,2024.0,3.0,9.0,Saturday,1.0,2024,3,2,Saturday,1
S004,Supplier 4,P006,2024-08-21,2024-08-20,1,4.99,3567,2024.0,8.0,21.0,Wednesday,3.0,2024,8,20,Tuesday,3
S001,Unknown,P006,2024-01-24,2024-01-24,3,4.83,1025,2024.0,1.0,24.0,Wednesday,1.0,2024,1,24,Wednesday,1
S004,Supplier 4,P005,2024-06-29,2024-06-24,7,4.19,2583,2024.0,6.0,29.0,Saturday,2.0,2024,6,24,Monday,2
S004,Supplier 4,P005,2024-09-15,2024-09-10,5,4.23,4471,2024.0,9.0,15.0,Sunday,3.0,2024,9,10,Tuesday,3
S001,Supplier 1,P002,2024-04-20,2024-04-13,7,4.22,945,2024.0,4.0,20.0,Saturday,2.0,2024,4,13,Saturday,2
S002,Supplier 2,P005,2024-10-02,2024-09-25,10,7.0,3163,2024.0,10.0,2.0,Wednesday,4.0,2024,9,25,Wednesday,3
Unknown,Supplier 1,P001,,2024-03-02,1,4.0,2459,,,,,,2024,3,2,Saturday,1
S003,Supplier 3,P005,2024-04-20,2024-04-20,1,4.44,1328,2024.0,4.0,20.0,Saturday,2.0,2024,4,20,Saturday,2
S001,Supplier 1,P002,2024-02-07,2024-02-04,5,3.0,824,2024.0,2.0,7.0,Wednesday,1.0,2024,2,4,Sunday,1
S003,Supplier 3,P003,2024-10-31,2024-10-30,3,4.9,3877,2024.0,10.0,31.0,Thursday,4.0,2024,10,30,Wednesday,4
S001,Supplier 1,P002,2024-04-20,2024-04-13,10,4.32,945,2024.0,4.0,20.0,Saturday,2.0,2024,4,13,Saturday,2
S002,Supplier 2,P003,2024-02-29,2024-02-25,7,3.31,4167,2024.0,2.0,29.0,Thursday,1.0,2024,2,25,Sunday,1
S003,Supplier 3,P004,2024-07-19,2024-07-17,1,3.32,1612,2024.0,7.0,19.0,Friday,3.0,2024,7,17,Wednesday,3
S002,Supplier 2,P001,2024-09-19,2024-09-19,3,3.21,1839,2024.0,9.0,19.0,Thursday,3.0,2024,9,19,Thursday,3
S003,Supplier 3,P005,2024-06-12,2024-06-11,2,3.35,4846,2024.0,6.0,12.0,Wednesday,2.0,2024,6,11,Tuesday,2
S001,Supplier 1,P005,2024-12-10,2024-12-08,0,3.33,2940,2024.0,12.0,10.0,Tuesday,4.0,2024,12,8,Sunday,4
S003,Unknown,P006,2024-01-25,2024-01-19,3,3.91,3451,2024.0,1.0,25.0,Thursday,1.0,2024,1,19,Friday,1
S001,Supplier 1,P002,2024-11-08,2024-11-07,0,4.79,3234,2024.0,11.0,8.0,Friday,4.0,2024,11,7,Thursday,4
S002,Supplier 2,P006,2024-11-12,2024-11-08,4,3.13,2853,2024.0,11.0,12.0,Tuesday,4.0,2024,11,8,Friday,4
S004,Supplier 4,P002,2024-08-20,2024-08-15,3,3.9,3629,2024.0,8.0,20.0,Tuesday,3.0,2024,8,15,Thursday,3
S002,Supplier 2,P002,2024-03-04,2024-03-03,3,5.16,3594,2024.0,3.0,4.0,Monday,1.0,2024,3,3,Sunday,1
S002,Supplier 2,P001,2024-03-08,2024-03-04,6,3.0,4890,2024.0,3.0,8.0,Friday,1.0,2024,3,4,Monday,1
S002,Supplier 2,P005,2024-04-23,2024-04-16,9,4.12,1565,2024.0,4.0,23.0,Tuesday,2.0,2024,4,16,Tuesday,2
S003,Supplier 3,P005,2024-10-01,2024-09-24,4,4.29,4548,2024.0,10.0,1.0,Tuesday,4.0,2024,9,24,Tuesday,3
S001,Supplier 1,P004,2024-04-28,2024-04-22,8,5.0,2938,2024.0,4.0,28.0,Sunday,2.0,2024,4,22,Monday,2
S002,Supplier 2,P005,2024-03-24,2024-03-24,3,3.1,1528,2024.0,3.0,24.0,Sunday,1.0,2024,3,24,Sunday,1
S003,Supplier 3,P002,2024-11-20,2024-11-20,0,2.88,4478,2024.0,11.0,20.0,Wednesday,4.0,2024,11,20,Wednesday,4
S004,Supplier 4,P003,2024-09-16,2024-09-16,2,3.83,660,2024.0,9.0,16.0,Monday,3.0,2024,9,16,Monday,3
S001,Supplier 1,P005,2024-12-18,2024-12-13,2,5.12,4420,2024.0,12.0,18.0,Wednesday,4.0,2024,12,13,Friday,4
S003,Supplier 3,P002,2024-09-21,2024-09-20,4,4.07,2407,2024.0,9.0,21.0,Saturday,3.0,2024,9,20,Friday,3
S004,Supplier 4,P003,2024-03-11,2024-03-05,3,2.99,1692,2024.0,3.0,11.0,Monday,1.0,2024,3,5,Tuesday,1
Unknown,Unknown,P002,,2024-08-11,3,4.0,2566,,,,,,2024,8,11,Sunday,3
S001,Supplier 1,P003,2024-02-19,2024-02-19,3,4.31,4546,2024.0,2.0,19.0,Monday,1.0,2024,2,19,Monday,1
S003,Supplier 3,P003,2024-09-26,2024-09-24,4,3.78,1800,2024.0,9.0,26.0,Thursday,3.0,2024,9,24,Tuesday,3
S002,Supplier 2,P004,2024-10-23,2024-10-23,3,4.21,4564,2024.0,10.0,23.0,Wednesday,4.0,2024,10,23,Wednesday,4
S003,Supplier 3,P003,2024-01-16,2024-01-09,7,3.44,1634,2024.0,1.0,16.0,Tuesday,1.0,2024,1,9,Tuesday,1
S002,Supplier 2,P002,2024-10-31,2024-10-31,3,5.02,1542,2024.0,10.0,31.0,Thursday,4.0,2024,10,31,Thursday,4
S002,Supplier 2,P005,2024-02-04,2024-02-02,3,4.73,1796,2024.0,2.0,4.0,Sunday,1.0,2024,2,2,Friday,1
S004,Supplier 4,P001,2024-04-04,2024-04-04,0,4.75,3695,2024.0,4.0,4.0,Thursday,2.0,2024,4,4,Thursday,2
S001,Supplier 1,P003,2024-07-28,2024-07-25,2,3.39,4743,2024.0,7.0,28.0,Sunday,3.0,2024,7,25,Thursday,3
S001,Supplier 1,P002,2024-11-08,2024-11-07,4,4.98,3238,2024.0,11.0,8.0,Friday,4.0,2024,11,7,Thursday,4
S001,Supplier 1,P006,2024-05-18,2024-05-16,2,5.01,3984,2024.0,5.0,18.0,Saturday,2.0,2024,5,16,Thursday,2
S002,Supplier 2,P006,2024-12-19,2024-12-18,3,4.54,4798,2024.0,12.0,19.0,Thursday,4.0,2024,12,18,Wednesday,4
S001,Supplier 1,P002,2024-09-28,2024-09-26,1,4.45,4271,2024.0,9.0,28.0,Saturday,3.0,2024,9,26,Thursday,3
S003,Supplier 3,P001,2024-04-03,2024-04-01,1,3.11,1276,2024.0,4.0,3.0,Wednesday,2.0,2024,4,1,Monday,2
S004,Supplier 4,P005,2024-10-27,2024-10-22,7,3.55,1630,2024.0,10.0,27.0,Sunday,4.0,2024,10,22,Tuesday,4
S003,Unknown,P005,2024-11-02,2024-11-02,3,3.41,976,2024.0,11.0,2.0,Saturday,4.0,2024,11,2,Saturday,4
S001,Supplier 1,P006,2024-05-03,2024-04-28,7,3.72,2822,2024.0,5.0,3.0,Friday,2.0,2024,4,28,Sunday,2
S002,Supplier 2,P005,2024-06-21,2024-06-18,3,4.29,2937,2024.0,6.0,21.0,Friday,2.0,2024,6,18,Tuesday,2
S002,Supplier 2,P003,2024-01-05,2024-01-05,3,3.48,1665,2024.0,1.0,5.0,Friday,1.0,2024,1,5,Friday,1
S001,Supplier 1,P003,2024-09-16,2024-09-09,7,3.97,1271,2024.0,9.0,16.0,Monday,3.0,2024,9,9,Monday,3
S001,Supplier 1,P002,2024-01-20,2024-01-13,9,3.41,614,2024.0,1.0,20.0,Saturday,1.0,2024,1,13,Saturday,1
S002,Supplier 2,P001,2024-04-30,2024-04-30,3,3.04,1972,2024.0,4.0,30.0,Tuesday,2.0,2024,4,30,Tuesday,2
S002,Supplier 2,P001,2024-12-01,2024-11-24,5,4.14,3101,2024.0,12.0,1.0,Sunday,4.0,2024,11,24,Sunday,4
S004,Supplier 4,P006,2024-04-03,2024-03-31,1,3.75,2200,2024.0,4.0,3.0,Wednesday,2.0,2024,3,31,Sunday,1
S002,Supplier 2,P005,2024-07-16,2024-07-15,3,4.42,3826,2024.0,7.0,16.0,Tuesday,3.0,2024,7,15,Monday,3
Unknown,Supplier 3,P002,,2024-11-20,3,4.0,4480,,,,,,2024,11,20,Wednesday,4
S003,Supplier 3,P003,2024-06-06,2024-06-01,7,2.0,1683,2024.0,6.0,6.0,Thursday,2.0,2024,6,1,Saturday,2
S003,Supplier 3,P002,2024-07-04,2024-07-03,0,3.4,4675,2024.0,7.0,4.0,Thursday,3.0,2024,7,3,Wednesday,3
S001,Supplier 1,P003,2024-10-22,2024-10-21,4,2.88,1126,2024.0,10.0,22.0,Tuesday,4.0,2024,10,21,Monday,4
S002,Supplier 2,P006,2024-01-14,2024-01-12,5,2.97,1865,2024.0,1.0,14.0,Sunday,1.0,2024,1,12,Friday,1
S003,Unknown,P002,2024-07-27,2024-07-22,8,8.0,3570,2024.0,7.0,27.0,Saturday,3.0,2024,7,22,Monday,3
S003,Supplier 3,P006,2024-02-22,2024-02-19,4,4.0,4896,2024.0,2.0,22.0,Thursday,1.0,2024,2,19,Monday,1
S003,Supplier 3,P006,2024-07-20,2024-07-19,0,3.65,759,2024.0,7.0,20.0,Saturday,3.0,2024,7,19,Friday,3
S003,Supplier 3,P004,2025-01-05,2024-12-30,3,3.75,4048,2025.0,1.0,5.0,Sunday,1.0,2024,12,30,Monday,4
S004,Supplier 4,P005,2024-03-09,2024-03-02,8,4.07,2432,2024.0,3.0,9.0,Saturday,1.0,2024,3,2,Saturday,1
S001,Supplier 1,P002,2024-07-30,2024-07-27,3,4.2,1496,2024.0,7.0,30.0,Tuesday,3.0,2024,7,27,Saturday,3
S002,Supplier 2,P006,2024-11-11,2024-11-11,3,3.43,3475,2024.0,11.0,11.0,Monday,4.0,2024,11,11,Monday,4
S002,Supplier 2,P002,2024-01-19,2024-01-19,3,4.55,2462,2024.0,1.0,19.0,Friday,1.0,2024,1,19,Friday,1
S003,Supplier 3,P005,2024-10-05,2024-09-30,3,3.84,768,2024.0,10.0,5.0,Saturday,4.0,2024,9,30,Monday,3
S004,Supplier 4,P003,2024-12-19,2024-12-19,3,3.98,625,2024.0,12.0,19.0,Thursday,4.0,2024,12,19,Thursday,4
S004,Supplier 4,P002,2024-02-25,2024-02-23,1,4.13,3616,2024.0,2.0,25.0,Sunday,1.0,2024,2,23,Friday,1
S001,Supplier 1,P005,2024-08-09,2024-08-08,1,3.73,3989,2024.0,8.0,9.0,Friday,3.0,2024,8,8,Thursday,3
S002,Supplier 2,P005,2024-10-18,2024-10-14,1,3.35,4212,2024.0,10.0,18.0,Friday,4.0,2024,10,14,Monday,4
S002,Supplier 2,P002,2024-01-07,2024-01-07,1,3.41,3264,2024.0,1.0,7.0,Sunday,1.0,2024,1,7,Sunday,1
S004,Supplier 4,P005,2024-10-27,2024-10-22,6,3.14,1631,2024.0,10.0,27.0,Sunday,4.0,2024,10,22,Tuesday,4
S004,Unknown,P001,2024-07-15,2024-07-13,3,3.52,4908,2024.0,7.0,15.0,Monday,3.0,2024,7,13,Saturday,3
S004,Supplier 4,P004,2024-08-14,2024-08-11,3,3.23,4325,2024.0,8.0,14.0,Wednesday,3.0,2024,8,11,Sunday,3
S001,Supplier 1,P001,2024-07-04,2024-06-27,4,6.0,880,2024.0,7.0,4.0,Thursday,3.0,2024,6,27,Thursday,2
S003,Supplier 3,P006,2024-06-20,2024-06-18,3,3.2,2038,2024.0,6.0,20.0,Thursday,2.0,2024,6,18,Tuesday,2
S002,Supplier 2,P003,2024-10-26,2024-10-26,3,4.8,4231,2024.0,10.0,26.0,Saturday,4.0,2024,10,26,Saturday,4
Unknown,Supplier 1,P001,,2024-07-06,3,4.0,3360,,,,,,2024,7,6,Saturday,3
S004,Supplier 4,P003,2024-01-15,2024-01-15,3,4.68,2540,2024.0,1.0,15.0,Monday,1.0,2024,1,15,Monday,1
S001,Supplier 1,P001,2024-12-11,2024-12-09,4,3.49,1733,2024.0,12.0,11.0,Wednesday,4.0,2024,12,9,Monday,4
S001,Supplier 1,P002,2024-07-29,2024-07-24,8,4.81,3080,2024.0,7.0,29.0,Monday,3.0,2024,7,24,Wednesday,3
S003,Supplier 3,P005,2024-06-19,2024-06-18,4,4.0,3298,2024.0,6.0,19.0,Wednesday,2.0,2024,6,18,Tuesday,2
S003,Supplier 3,P004,2024-08-11,2024-08-05,7,4.06,4266,2024.0,8.0,11.0,Sunday,3.0,2024,8,5,Monday,3
S002,Supplier 2,P006,2024-03-06,2024-03-06,1,3.26,1607,2024.0,3.0,6.0,Wednesday,1.0,2024,3,6,Wednesday,1
S002,Supplier 2,P001,2024-01-22,2024-01-17,7,3.6,2385,2024.0,1.0,22.0,Monday,1.0,2024,1,17,Wednesday,1
S001,Supplier 1,P005,2024-06-19,2024-06-14,6,4.52,3573,2024.0,6.0,19.0,Wednesday,2.0,2024,6,14,Friday,2
S004,Supplier 4,P006,2024-11-11,2024-11-08,0,4.02,4936,2024.0,11.0,11.0,Monday,4.0,2024,11,8,Friday,4
S002,Unknown,P003,2024-02-29,2024-02-25,6,3.58,4168,2024.0,2.0,29.0,Thursday,1.0,2024,2,25,Sunday,1
S004,Supplier 4,P001,2024-05-18,2024-05-17,4,4.59,4486,2024.0,5.0,18.0,Saturday,2.0,2024,5,17,Friday,2
S003,Supplier 3,P005,2024-12-09,2024-12-07,2,3.35,3368,2024.0,12.0,9.0,Monday,4.0,2024,12,7,Saturday,4
S003,Supplier 3,P004,2024-06-03,2024-06-03,0,3.99,2730,2024.0,6.0,3.0,Monday,2.0,2024,6,3,Monday,2
S002,Supplier 2,P006,2024-01-14,2024-01-12,4,3.42,1870,2024.0,1.0,14.0,Sunday,1.0,2024,1,12,Friday,1
S001,Supplier 1,P002,2024-11-08,2024-11-07,3,5.04,3234,2024.0,11.0,8.0,Friday,4.0,2024,11,7,Thursday,4
S001,Supplier 1,P004,2024-10-24,2024-10-24,2,4.58,4438,2024.0,10.0,24.0,Thursday,4.0,2024,10,24,Thursday,4
S001,Supplier 1,P002,2024-10-31,2024-10-25,5,2.88,686,2024.0,10.0,31.0,Thursday,4.0,2024,10,25,Friday,4
S003,Supplier 3,P004,2024-01-24,2024-01-17,8,3.65,1901,2024.0,1.0,24.0,Wednesday,1.0,2024,1,17,Wednesday,1
S001,Supplier 1,P001,2024-09-08,2024-09-03,6,2.0,758,2024.0,9.0,8.0,Sunday,3.0,2024,9,3,Tuesday,3
S002,Supplier 2,P001,2024-10-14,2024-10-10,7,3.01,2194,2024.0,10.0,14.0,Monday,4.0,2024,10,10,Thursday,4
S004,Supplier 4,P003,2024-06-25,2024-06-23,2,4.64,1778,2024.0,6.0,25.0,Tuesday,2.0,2024,6,23,Sunday,2
S004,Supplier 4,P001,2024-12-29,2024-12-28,3,3.76,2533,2024.0,12.0,29.0,Sunday,4.0,2024,12,28,Saturday,4
S004,Supplier 4,P006,2024-06-21,2024-06-16,4,4.2,3470,2024.0,6.0,21.0,Friday,2.0,2024,6,16,Sunday,2
S001,Supplier 1,P006,2024-04-23,2024-04-20,4,3.6,4909,2024.0,4.0,23.0,Tuesday,2.0,2024,4,20,Saturday,2
