date,opening_stock,received_stock,closing_stock,reorder_level,lead_time_days,date_year,date_month,date_day,date_quarter,year,month,day,weekday,week,quarter,is_weekend,opening_stock_lag1,opening_stock_lag7,received_stock_lag1,received_stock_lag7,closing_stock_lag1,closing_stock_lag7,reorder_level_lag1,reorder_level_lag7,lead_time_days_lag1,lead_time_days_lag7,date_year_lag1,date_year_lag7,date_month_lag1,date_month_lag7,date_day_lag1,date_day_lag7,date_quarter_lag1,date_quarter_lag7,year_lag1,year_lag7,month_lag1,month_lag7,day_lag1,day_lag7,week_lag1,week_lag7,quarter_lag1,quarter_lag7
2024-01-07,583.9782608695652,130.1086956521739,525.804347826087,150.0,6.434782608695652,2024.0,3.9130434782608696,1.0,1.6956521739130437,2024,7,1,Monday,27,3,False,583.9782608695652,583.9782608695652,130.1086956521739,130.1086956521739,525.804347826087,525.804347826087,150.0,150.0,6.434782608695652,6.434782608695652,2024.0,2024.0,3.9130434782608696,3.9130434782608696,1.0,1.0,1.6956521739130437,1.6956521739130437,2024.0,2024.0,7.0,7.0,1.0,1.0,27.0,27.0,3.0,3.0
2024-02-04,622.12,158.16,469.84,150.0,6.68,2024.0,2.56,2.0,1.28,2024,4,2,Tuesday,14,2,False,583.9782608695652,583.9782608695652,130.1086956521739,130.1086956521739,525.804347826087,525.804347826087,150.0,150.0,6.434782608695652,6.434782608695652,2024.0,2024.0,3.9130434782608696,3.9130434782608696,1.0,1.0,1.6956521739130437,1.6956521739130437,2024.0,2024.0,7.0,7.0,1.0,1.0,27.0,27.0,3.0,3.0
2024-02-11,659.1333333333333,171.06666666666666,618.3333333333334,150.0,6.377777777777778,2024.0,7.955555555555556,2.0,3.0,2024,11,2,Saturday,44,4,True,622.12,583.9782608695652,158.16,130.1086956521739,469.84,525.804347826087,150.0,150.0,6.68,6.434782608695652,2024.0,2024.0,2.56,3.9130434782608696,2.0,1.0,1.28,1.6956521739130437,2024.0,2024.0,4.0,7.0,2.0,1.0,14.0,27.0,2.0,3.0
2024-03-03,572.7894736842105,145.78947368421052,612.7368421052631,150.0,5.7368421052631575,2024.0,2.0,3.0,1.0,2024,3,3,Sunday,9,1,True,659.1333333333333,583.9782608695652,171.06666666666666,130.1086956521739,618.3333333333334,525.804347826087,150.0,150.0,6.377777777777778,6.434782608695652,2024.0,2024.0,7.955555555555556,3.9130434782608696,2.0,1.0,3.0,1.6956521739130437,2024.0,2024.0,11.0,7.0,2.0,1.0,44.0,27.0,4.0,3.0
2024-03-10,586.2142857142857,154.8095238095238,611.1190476190476,150.0,5.285714285714286,2024.0,7.0,3.0,2.7142857142857144,2024,10,3,Thursday,40,4,False,572.7894736842105,583.9782608695652,145.78947368421052,130.1086956521739,612.7368421052631,525.804347826087,150.0,150.0,5.7368421052631575,6.434782608695652,2024.0,2024.0,2.0,3.9130434782608696,3.0,1.0,1.0,1.6956521739130437,2024.0,2024.0,3.0,7.0,3.0,1.0,9.0,27.0,1.0,3.0
2024-04-07,535.3333333333334,128.88888888888889,563.5555555555555,150.0,6.377777777777778,2024.0,3.8,4.0,1.6666666666666667,2024,7,4,Thursday,27,3,False,586.2142857142857,583.9782608695652,154.8095238095238,130.1086956521739,611.1190476190476,525.804347826087,150.0,150.0,5.285714285714286,6.434782608695652,2024.0,2024.0,7.0,3.9130434782608696,3.0,1.0,2.7142857142857144,1.6956521739130437,2024.0,2024.0,10.0,7.0,3.0,1.0,40.0,27.0,4.0,3.0
2024-05-05,579.2727272727273,156.27272727272728,613.7575757575758,150.0,5.757575757575758,2024.0,2.909090909090909,5.0,1.3636363636363635,2024,5,5,Sunday,18,2,True,535.3333333333334,583.9782608695652,128.88888888888889,130.1086956521739,563.5555555555555,525.804347826087,150.0,150.0,6.377777777777778,6.434782608695652,2024.0,2024.0,3.8,3.9130434782608696,4.0,1.0,1.6666666666666667,1.6956521739130437,2024.0,2024.0,7.0,7.0,4.0,1.0,27.0,27.0,3.0,3.0
2024-05-12,579.6444444444444,145.37777777777777,592.3777777777777,150.0,7.0,2024.0,9.066666666666666,5.0,3.2888888888888888,2024,12,5,Thursday,49,4,False,579.2727272727273,583.9782608695652,156.27272727272728,130.1086956521739,613.7575757575758,525.804347826087,150.0,150.0,5.757575757575758,6.434782608695652,2024.0,2024.0,2.909090909090909,3.9130434782608696,5.0,1.0,1.3636363636363635,1.6956521739130437,2024.0,2024.0,5.0,7.0,5.0,1.0,18.0,27.0,2.0,3.0
2024-06-02,640.5384615384615,131.92307692307693,497.5384615384616,150.0,5.615384615384615,2024.0,1.4615384615384617,6.0,1.0,2024,2,6,Tuesday,6,1,False,579.6444444444444,622.12,145.37777777777777,158.16,592.3777777777777,469.84,150.0,150.0,7.0,6.68,2024.0,2024.0,9.066666666666666,2.56,5.0,2.0,3.2888888888888888,1.28,2024.0,2024.0,12.0,4.0,5.0,2.0,49.0,14.0,4.0,2.0
2024-06-09,600.2790697674419,148.48837209302326,596.953488372093,150.0,5.976744186046512,2024.0,6.046511627906977,6.0,2.302325581395349,2024,9,6,Friday,36,3,False,640.5384615384615,659.1333333333333,131.92307692307693,171.06666666666666,497.5384615384616,618.3333333333334,150.0,150.0,5.615384615384615,6.377777777777778,2024.0,2024.0,1.4615384615384617,7.955555555555556,6.0,2.0,1.0,3.0,2024.0,2024.0,2.0,11.0,6.0,2.0,6.0,44.0,1.0,4.0
2024-07-07,597.4897959183673,150.81632653061226,540.5918367346939,150.0,6.163265306122449,2024.0,4.142857142857143,7.0,1.7551020408163265,2024,7,7,Sunday,27,3,True,600.2790697674419,572.7894736842105,148.48837209302326,145.78947368421052,596.953488372093,612.7368421052631,150.0,150.0,5.976744186046512,5.7368421052631575,2024.0,2024.0,6.046511627906977,2.0,6.0,3.0,2.302325581395349,1.0,2024.0,2024.0,9.0,3.0,6.0,3.0,36.0,9.0,3.0,1.0
2024-08-04,610.7307692307693,156.30769230769232,604.0769230769231,150.0,6.384615384615385,2024.0,2.5384615384615383,8.0,1.2692307692307692,2024,4,8,Monday,15,2,False,597.4897959183673,586.2142857142857,150.81632653061226,154.8095238095238,540.5918367346939,611.1190476190476,150.0,150.0,6.163265306122449,5.285714285714286,2024.0,2024.0,4.142857142857143,7.0,7.0,3.0,1.7551020408163265,2.7142857142857144,2024.0,2024.0,7.0,10.0,7.0,3.0,27.0,40.0,3.0,4.0
2024-08-11,642.8837209302326,138.6279069767442,525.8604651162791,150.0,5.976744186046512,2024.0,8.023255813953488,8.0,3.0,2024,11,8,Friday,45,4,False,610.7307692307693,535.3333333333334,156.30769230769232,128.88888888888889,604.0769230769231,563.5555555555555,150.0,150.0,6.384615384615385,6.377777777777778,2024.0,2024.0,2.5384615384615383,3.8,8.0,4.0,1.2692307692307692,1.6666666666666667,2024.0,2024.0,4.0,7.0,8.0,4.0,15.0,27.0,2.0,3.0
2024-09-01,451.8333333333333,191.66666666666663,529.6666666666666,150.0,5.0,2024.0,1.0,9.0,1.0,2024,1,9,Tuesday,2,1,False,642.8837209302326,579.2727272727273,138.6279069767442,156.27272727272728,525.8604651162791,613.7575757575758,150.0,150.0,5.976744186046512,5.757575757575758,2024.0,2024.0,8.023255813953488,2.909090909090909,8.0,5.0,3.0,1.3636363636363635,2024.0,2024.0,11.0,5.0,8.0,5.0,45.0,18.0,4.0,2.0
2024-09-08,615.0,165.7674418604651,606.3720930232558,150.0,5.976744186046512,2024.0,4.976744186046512,9.0,2.0,2024,8,9,Friday,32,3,False,451.8333333333333,579.6444444444444,191.66666666666663,145.37777777777777,529.6666666666666,592.3777777777777,150.0,150.0,5.0,7.0,2024.0,2024.0,1.0,9.066666666666666,9.0,5.0,1.0,3.2888888888888888,2024.0,2024.0,1.0,12.0,9.0,5.0,2.0,49.0,1.0,4.0
2024-10-06,582.975,173.3,592.175,150.0,5.725,2024.0,3.45,10.0,1.5,2024,6,10,Monday,24,2,False,615.0,640.5384615384615,165.7674418604651,131.92307692307693,606.3720930232558,497.5384615384616,150.0,150.0,5.976744186046512,5.615384615384615,2024.0,2024.0,4.976744186046512,1.4615384615384617,9.0,6.0,2.0,1.0,2024.0,2024.0,8.0,2.0,9.0,6.0,32.0,6.0,3.0,1.0
2024-11-03,670.0,146.0,529.7894736842105,150.0,6.2105263157894735,2024.0,1.947368421052632,11.0,1.0,2024,3,11,Monday,11,1,False,582.975,600.2790697674419,173.3,148.48837209302326,592.175,596.953488372093,150.0,150.0,5.725,5.976744186046512,2024.0,2024.0,3.45,6.046511627906977,10.0,6.0,1.5,2.302325581395349,2024.0,2024.0,6.0,9.0,10.0,6.0,24.0,36.0,2.0,3.0
2024-11-10,648.6818181818181,139.8409090909091,561.6818181818181,150.0,5.795454545454546,2024.0,7.0,11.0,2.7045454545454546,2024,10,11,Friday,41,4,False,670.0,597.4897959183673,146.0,150.81632653061226,529.7894736842105,540.5918367346939,150.0,150.0,6.2105263157894735,6.163265306122449,2024.0,2024.0,1.947368421052632,4.142857142857143,11.0,7.0,1.0,1.7551020408163265,2024.0,2024.0,3.0,7.0,11.0,7.0,11.0,27.0,1.0,3.0
2024-12-01,635.8333333333334,157.66666666666666,727.1666666666666,150.0,5.833333333333333,2024.0,1.0,12.0,1.0,2024,1,12,Friday,2,1,False,648.6818181818181,610.7307692307693,139.8409090909091,156.30769230769232,561.6818181818181,604.0769230769231,150.0,150.0,5.795454545454546,6.384615384615385,2024.0,2024.0,7.0,2.5384615384615383,11.0,8.0,2.7045454545454546,1.2692307692307692,2024.0,2024.0,10.0,4.0,11.0,8.0,41.0,15.0,4.0,2.0
2024-12-08,608.6744186046511,159.13953488372093,543.7674418604652,150.0,6.348837209302325,2024.0,5.023255813953488,12.0,2.0,2024,8,12,Monday,33,3,False,635.8333333333334,642.8837209302326,157.66666666666666,138.6279069767442,727.1666666666666,525.8604651162791,150.0,150.0,5.833333333333333,5.976744186046512,2024.0,2024.0,1.0,8.023255813953488,12.0,8.0,1.0,3.0,2024.0,2024.0,1.0,11.0,12.0,8.0,2.0,45.0,1.0,4.0
