date,order_id,units_sold,unit_price,revenue,date_year,date_month,date_day,date_quarter
2024-01-07,552.8636363636364,30.772727272727273,15843.454545454546,540381.6818181818,2024.0,4.0227272727272725,1.0,1.7272727272727273
2024-01-14,1630.258064516129,48.903225806451616,16138.709677419354,810284.2903225806,2024.0,9.96774193548387,1.0,3.5806451612903225
2024-01-21,1181.625376344086,42.44215053763441,16105.006451612902,638333.6602150537,2024.0,7.48516129032258,1.3333333333333333,2.8004301075268816
2024-01-28,732.9926881720429,35.98107526881721,16071.303225806452,466383.03010752687,2024.0,5.00258064516129,1.6666666666666665,2.0202150537634407
2024-02-04,284.36,29.52,16037.6,294432.4,2024.0,2.52,2.0,1.24
2024-02-11,1303.7954545454545,43.70454545454545,17249.886363636364,887391.2045454546,2024.0,8.090909090909092,2.0,3.022727272727273
2024-02-18,2019.5,28.333333333333332,16560.0,341636.6666666667,2024.0,12.0,2.0,4.0
2024-02-25,1125.925,27.016666666666666,15945.1,333578.48333333334,2024.0,7.0,2.5,2.5
2024-03-03,232.35,25.7,15330.2,325520.3,2024.0,2.0,3.0,1.0
2024-03-10,1096.8181818181818,25.386363636363637,17852.727272727272,460691.5909090909,2024.0,6.863636363636363,3.0,2.6818181818181817
2024-03-17,1935.5,30.166666666666668,16560.0,352795.0,2024.0,11.5,3.0,4.0
2024-03-24,1471.4,28.474074074074075,16452.074074074073,378242.74074074073,2024.0,8.955555555555556,3.3333333333333335,3.2222222222222223
2024-03-31,1007.3000000000001,26.78148148148148,16344.148148148148,403690.4814814815,2024.0,6.411111111111111,3.6666666666666665,2.4444444444444446
2024-04-07,543.2,25.08888888888889,16236.222222222223,429138.22222222225,2024.0,3.8666666666666667,4.0,1.6666666666666667
2024-04-14,1666.7,26.466666666666665,16560.0,427362.6666666667,2024.0,10.0,4.0,3.6
2024-04-21,1248.880808080808,25.674747474747473,16412.484848484848,375547.9494949495,2024.0,7.646464646464647,4.333333333333333,2.864646464646465
2024-04-28,831.0616161616161,24.88282828282828,16264.969696969698,323733.23232323234,2024.0,5.292929292929293,4.666666666666667,2.1292929292929292
2024-05-05,413.24242424242425,24.09090909090909,16117.454545454546,271918.51515151514,2024.0,2.9393939393939394,5.0,1.393939393939394
2024-05-12,1501.2727272727273,21.09090909090909,15888.34090909091,343722.2727272727,2024.0,9.068181818181818,5.0,3.3181818181818183
2024-05-19,1067.3869463869464,23.983682983682982,16456.84265734266,415676.89976689976,2024.0,6.532634032634032,5.333333333333333,2.5454545454545454
2024-05-26,633.5011655011655,26.876456876456878,17025.344405594406,487631.5268065268,2024.0,3.997086247086247,5.666666666666667,1.7727272727272727
2024-06-02,199.6153846153846,29.76923076923077,17593.846153846152,559586.1538461539,2024.0,1.4615384615384615,6.0,1.0
2024-06-09,936.1590909090909,26.045454545454547,17283.340909090908,581433.6363636364,2024.0,5.954545454545454,6.0,2.272727272727273
2024-06-16,1869.157894736842,29.105263157894736,17267.36842105263,671334.7368421053,2024.0,11.052631578947368,6.0,4.0
2024-06-23,1439.8261933904528,27.760097919216644,16941.966544267645,554320.119135047,2024.0,8.694002447980417,6.333333333333333,3.2325581395348837
2024-06-30,1010.4944920440636,26.414932680538556,16616.56466748266,437305.50142798864,2024.0,6.335373317013464,6.666666666666667,2.4651162790697674
2024-07-07,581.1627906976744,25.069767441860463,16291.162790697674,320290.88372093026,2024.0,3.9767441860465116,7.0,1.697674418604651
2024-07-14,1672.3030303030303,24.181818181818183,16874.333333333332,443936.36363636365,2024.0,9.93939393939394,7.0,3.606060606060606
2024-07-21,1221.0353535353536,26.1489898989899,16769.555555555555,477336.4646464646,2024.0,7.45959595959596,7.333333333333333,2.8207070707070705
2024-07-28,769.7676767676768,28.116161616161616,16664.777777777777,510736.56565656565,2024.0,4.97979797979798,7.666666666666667,2.0353535353535355
2024-08-04,318.5,30.083333333333332,16560.0,544136.6666666666,2024.0,2.5,8.0,1.25
2024-08-11,1308.5777777777778,23.88888888888889,18123.666666666668,432573.8,2024.0,8.0,8.0,3.0
2024-08-18,2055.5,19.833333333333332,16560.0,347436.6666666667,2024.0,12.0,8.0,4.0
2024-08-25,1053.5,18.0,16560.0,323965.0,2024.0,6.5,8.5,2.5
2024-09-01,51.5,16.166666666666668,16560.0,300493.3333333333,2024.0,1.0,9.0,1.0
2024-09-08,783.4090909090909,28.40909090909091,17170.909090909092,488787.2727272727,2024.0,5.0227272727272725,9.0,2.0
2024-09-15,1799.36,28.08,17097.6,575487.92,2024.0,10.56,9.0,3.76
2024-09-22,1368.9943859649122,26.702456140350876,16921.733333333334,561693.7010526316,2024.0,8.197894736842105,9.333333333333334,3.0066666666666664
2024-09-29,938.6287719298246,25.324912280701753,16745.866666666665,547899.4821052632,2024.0,5.835789473684211,9.666666666666666,2.253333333333333
2024-10-06,508.2631578947368,23.94736842105263,16570.0,534105.2631578947,2024.0,3.473684210526316,10.0,1.5
2024-10-13,1608.054054054054,24.91891891891892,16923.243243243243,373635.8918918919,2024.0,9.486486486486486,10.0,3.4864864864864864
2024-10-20,1153.8693693693692,24.205205205205207,16802.162162162163,408869.1131131131,2024.0,6.990990990990991,10.333333333333334,2.6576576576576576
2024-10-27,699.6846846846846,23.49149149149149,16681.08108108108,444102.33433433436,2024.0,4.495495495495495,10.666666666666666,1.8288288288288288
2024-11-03,245.5,22.77777777777778,16560.0,479335.55555555556,2024.0,2.0,11.0,1.0
2024-11-10,1166.6279069767443,24.13953488372093,16872.837209302324,461005.5813953488,2024.0,7.046511627906977,11.0,2.7209302325581395
2024-11-17,1983.5,24.416666666666668,16560.0,625800.0,2024.0,11.5,11.0,4.0
2024-11-24,1026.3214285714284,23.636904761904763,19665.0,454624.85714285716,2024.0,6.25,11.5,2.5
2024-12-01,69.14285714285714,22.857142857142858,22770.0,283449.71428571426,2024.0,1.0,12.0,1.0
2024-12-08,796.1777777777778,28.288888888888888,16867.866666666665,573579.6,2024.0,4.933333333333334,12.0,2.0
2024-12-15,1817.52,32.16,16036.92,521086.4,2024.0,10.56,12.0,3.76
