delivery_date,delay_days,supplier_rating,transportation_cost,delivery_date_year,delivery_date_month,delivery_date_day,delivery_date_quarter,expected_date_year,expected_date_month,expected_date_day,expected_date_quarter,year,month,day,weekday,week,quarter,is_weekend,delay_days_rolling_mean_3,delay_days_rolling_mean_7,delay_days_rolling_std_3,delay_days_rolling_std_7,supplier_rating_rolling_mean_3,supplier_rating_rolling_mean_7,supplier_rating_rolling_std_3,supplier_rating_rolling_std_7,transportation_cost_rolling_mean_3,transportation_cost_rolling_mean_7,transportation_cost_rolling_std_3,transportation_cost_rolling_std_7,delivery_date_year_rolling_mean_3,delivery_date_year_rolling_mean_7,delivery_date_year_rolling_std_3,delivery_date_year_rolling_std_7,delivery_date_month_rolling_mean_3,delivery_date_month_rolling_mean_7,delivery_date_month_rolling_std_3,delivery_date_month_rolling_std_7,delivery_date_day_rolling_mean_3,delivery_date_day_rolling_mean_7,delivery_date_day_rolling_std_3,delivery_date_day_rolling_std_7,delivery_date_quarter_rolling_mean_3,delivery_date_quarter_rolling_mean_7,delivery_date_quarter_rolling_std_3,delivery_date_quarter_rolling_std_7,expected_date_year_rolling_mean_3,expected_date_year_rolling_mean_7,expected_date_year_rolling_std_3,expected_date_year_rolling_std_7,expected_date_month_rolling_mean_3,expected_date_month_rolling_mean_7,expected_date_month_rolling_std_3,expected_date_month_rolling_std_7,expected_date_day_rolling_mean_3,expected_date_day_rolling_mean_7,expected_date_day_rolling_std_3,expected_date_day_rolling_std_7,expected_date_quarter_rolling_mean_3,expected_date_quarter_rolling_mean_7,expected_date_quarter_rolling_std_3,expected_date_quarter_rolling_std_7,year_rolling_mean_3,year_rolling_mean_7,year_rolling_std_3,year_rolling_std_7,month_rolling_mean_3,month_rolling_mean_7,month_rolling_std_3,month_rolling_std_7,day_rolling_mean_3,day_rolling_mean_7,day_rolling_std_3,day_rolling_std_7,week_rolling_mean_3,week_rolling_mean_7,week_rolling_std_3,week_rolling_std_7,quarter_rolling_mean_3,quarter_rolling_mean_7,quarter_rolling_std_3,quarter_rolling_std_7
2024-01-07,3.0588235294117645,4.235294117647059,2960.705882352941,2024.0,4.588235294117647,1.0,1.8823529411764703,2024.0,3.941176470588236,17.705882352941178,1.7058823529411764,2024,7,1,Monday,27,3,False,3.0588235294117645,3.0588235294117645,0.5476611344484045,0.5476611344484045,4.235294117647059,4.235294117647059,0.45511333514604746,0.45511333514604746,2960.705882352941,2960.705882352941,211.8686024178749,211.8686024178749,2024.0,2024.0,0.0,0.0,4.588235294117647,4.588235294117647,1.3587542069859146,1.3587542069859146,1.0,1.0,0.7071067811865476,0.7071067811865476,1.8823529411764703,1.8823529411764703,0.6239177481057769,0.6239177481057769,2024.0,2024.0,0.0,0.0,3.941176470588236,3.941176470588236,1.37261904583271,1.37261904583271,17.705882352941178,17.705882352941178,0.32582371289968376,0.32582371289968376,1.7058823529411764,1.7058823529411764,0.4991341984846218,0.4991341984846218,2024.0,2024.0,0.0,0.0,7.0,7.0,2.1213203435596424,2.1213203435596424,1.0,1.0,0.7071067811865476,0.7071067811865476,27.0,27.0,9.192388155425117,9.192388155425117,3.0,3.0,0.7071067811865476,0.7071067811865476
2024-02-04,3.8333333333333335,3.591666666666667,3260.333333333333,2024.0,2.6666666666666665,2.0,1.0,2024.0,2.0,18.166666666666668,1.0,2024,4,2,Tuesday,14,2,False,3.446078431372549,3.446078431372549,0.5476611344484045,0.5476611344484045,3.913480392156863,3.913480392156863,0.45511333514604746,0.45511333514604746,3110.5196078431372,3110.5196078431372,211.8686024178749,211.8686024178749,2024.0,2024.0,0.0,0.0,3.6274509803921564,3.6274509803921564,1.3587542069859146,1.3587542069859146,1.5,1.5,0.7071067811865476,0.7071067811865476,1.441176470588235,1.441176470588235,0.6239177481057769,0.6239177481057769,2024.0,2024.0,0.0,0.0,2.9705882352941178,2.9705882352941178,1.37261904583271,1.37261904583271,17.936274509803923,17.936274509803923,0.32582371289968376,0.32582371289968376,1.3529411764705883,1.3529411764705883,0.4991341984846218,0.4991341984846218,2024.0,2024.0,0.0,0.0,5.5,5.5,2.1213203435596424,2.1213203435596424,1.5,1.5,0.7071067811865476,0.7071067811865476,20.5,20.5,9.192388155425117,9.192388155425117,2.5,2.5,0.7071067811865476,0.7071067811865476
2024-02-11,3.2,3.979333333333333,2428.4666666666667,2024.0,9.466666666666669,2.0,3.6,2024.0,8.933333333333334,15.666666666666666,3.4,2024,11,2,Saturday,44,4,True,3.3640522875816994,3.3640522875816994,0.4124939076983418,0.4124939076983418,3.93543137254902,3.93543137254902,0.324051863957623,0.324051863957623,2883.16862745098,2883.16862745098,421.31883081708605,421.31883081708605,2024.0,2024.0,0.0,0.0,5.573856209150327,5.573856209150327,3.5055080146980693,3.5055080146980693,1.6666666666666667,1.6666666666666667,0.5773502691896257,0.5773502691896257,2.16078431372549,2.16078431372549,1.3221735974956725,1.3221735974956725,2024.0,2024.0,0.0,0.0,4.958169934640523,4.958169934640523,3.576798087287229,3.576798087287229,17.179738562091504,17.179738562091504,1.3304587428730181,1.3304587428730181,2.0352941176470587,2.0352941176470587,1.2334439926664618,1.2334439926664618,2024.0,2024.0,0.0,0.0,7.333333333333333,7.333333333333333,3.5118845842842465,3.5118845842842465,1.6666666666666667,1.6666666666666667,0.5773502691896257,0.5773502691896257,28.333333333333332,28.333333333333332,15.044378795195678,15.044378795195678,3.0,3.0,1.0,1.0
2024-03-03,1.6666666666666667,3.9266666666666654,3172.333333333333,2024.0,1.6666666666666667,3.0,1.0,2024.0,1.5,6.5,1.0,2024,3,3,Sunday,9,1,True,2.9000000000000004,2.9397058823529414,1.1140516644712268,0.9130792056448936,3.832555555555555,3.933240196078431,0.2102713414544094,0.26462352888630464,2953.711111111111,2955.4598039215684,456.99813436688635,373.15380419168247,2024.0,2024.0,0.0,0.0,4.6000000000000005,4.597058823529412,4.244211744639203,3.4653893707583596,2.3333333333333335,2.0,0.5773502691896257,0.816496580927726,1.866666666666667,1.8705882352941177,1.501110699893027,1.2256768485307297,2024.0,2024.0,0.0,0.0,4.144444444444445,4.093627450980392,4.154827624895237,3.3939246498747284,13.444444444444443,14.509803921568627,6.142595663193329,5.44924620930708,1.7999999999999998,1.776470588235294,1.3856406460551018,1.132349121460326,2024.0,2024.0,0.0,0.0,6.0,6.25,4.358898943540674,3.593976442141304,2.3333333333333335,2.0,0.5773502691896257,0.816496580927726,22.333333333333332,23.5,18.929694486000912,15.631165450257807,2.3333333333333335,2.5,1.5275252316519468,1.2909944487358056
2024-03-10,2.090909090909091,3.879090909090909,2257.681818181818,2024.0,6.181818181818182,3.0,2.409090909090909,2024.0,5.818181818181818,11.954545454545457,2.1818181818181817,2024,10,3,Thursday,40,4,False,2.319191919191919,2.769946524064171,0.7917465282805998,0.8771410522081996,3.928363636363636,3.922410338680927,0.05014275305678618,0.23044660571688202,2619.493939393939,2815.904206773618,486.3285029035983,449.23450965353055,2024.0,2024.0,0.0,0.0,5.771717171717172,4.914010695187166,3.916138037514051,3.0836642266888483,2.6666666666666665,2.2,0.5773502691896257,0.8366600265340756,2.3363636363636364,1.9782887700534757,1.3015248526819458,1.0884437646040446,2024.0,2024.0,0.0,0.0,5.417171717171716,4.438538324420678,3.732856538489687,3.0387268633191065,11.373737373737375,13.998752228163994,4.610851110640358,4.855572299316982,2.193939393939394,1.8575401069518716,1.20004591280395,0.9972573559411165,2024.0,2024.0,0.0,0.0,8.0,7.0,4.358898943540674,3.5355339059327378,2.6666666666666665,2.2,0.5773502691896257,0.8366600265340756,31.0,26.8,19.157244060668017,15.417522498767433,3.0,2.8,1.7320508075688772,1.3038404810405297
2024-04-07,2.4814814814814814,4.091851851851852,2918.296296296296,2024.0,3.851851851851852,4.0,1.7407407407407407,2024.0,3.6296296296296298,8.407407407407407,1.5555555555555556,2024,7,4,Thursday,27,3,False,2.0796857463524128,2.7218690169670565,0.4075233345560751,0.793328318230961,3.965869809203142,3.9506505908760814,0.11166677876469265,0.21741568833325062,2782.7704826038157,2832.9695550273977,472.1464636900262,403.9760789911391,2024.0,2024.0,0.0,0.0,3.900112233445567,4.736984221297948,2.2579625992291006,2.791991813224804,3.3333333333333335,2.5,0.5773502691896257,1.0488088481701516,1.7166105499438833,1.9386974318346868,0.7048553022440712,0.9783520365063217,2024.0,2024.0,0.0,0.0,3.649270482603816,4.3037202086221695,2.1591579090117916,2.737908746830416,8.953984287317622,13.066861424704562,2.768045563780501,4.906300918263077,1.579124579124579,1.807209348385819,0.5912615139453998,0.9004537182609327,2024.0,2024.0,0.0,0.0,6.666666666666667,7.0,3.5118845842842465,3.1622776601683795,3.3333333333333335,2.5,0.5773502691896257,1.0488088481701516,25.333333333333332,26.833333333333332,15.56705923844749,13.790093062291735,2.6666666666666665,2.8333333333333335,1.5275252316519468,1.1690451944500122
2024-05-05,3.076923076923077,3.813846153846154,2659.846153846154,2024.0,2.3846153846153846,5.0,1.0769230769230769,2024.0,2.076923076923077,11.23076923076923,1.0769230769230769,2024,5,5,Sunday,18,2,True,2.549771216437883,2.772591025532202,0.4965415502041178,0.7365350673883875,3.9282629715963044,3.931107099871806,0.14537954061416222,0.20509742618803622,2611.941422774756,2808.237640572934,332.9024175608868,374.5382492424855,2024.0,2024.0,0.0,0.0,4.139428472761806,4.400931530343295,1.914866184735027,2.6993582784210606,4.0,2.857142857142857,0.9999999999999999,1.3451854182690985,1.742251575584909,1.8155868097044567,0.6660852011808477,0.9506510925408448,2024.0,2024.0,0.0,0.0,3.841578174911508,3.9856063326651565,1.8796132266098158,2.6372641104327874,10.530907364240699,12.804562539856658,1.874273740820477,4.532265311306416,1.6047656047656045,1.7028827381768556,0.5540889097543218,0.8671038231523758,2024.0,2024.0,0.0,0.0,7.333333333333333,6.714285714285714,2.516611478423583,2.984084768360628,4.0,2.857142857142857,0.9999999999999999,1.3451854182690985,28.333333333333332,25.571428571428573,11.06044001535804,13.023787760058424,3.0,2.7142857142857144,1.0000000000000002,1.1126972805283737
2024-05-12,3.6666666666666665,4.2,2738.133333333333,2024.0,9.2,5.0,3.466666666666667,2024.0,8.6,19.4,3.2666666666666666,2024,12,5,Thursday,49,4,False,3.0750237416904085,2.859425759425759,0.5925948754430422,0.808245398138996,4.035232668566002,3.926065083065083,0.1992059164829689,0.19663223786031622,2772.091927825261,2776.441562141562,132.52927464535918,368.8415458772048,2024.0,2024.0,0.0,0.0,5.145489078822412,5.0597550597550605,3.5871283528971167,3.257730474524275,4.666666666666667,3.4285714285714284,0.5773502691896256,1.2724180205607034,2.0947768281101613,2.0419173419173418,1.23358208869537,1.1391117451452286,2024.0,2024.0,0.0,0.0,4.768850902184235,4.651152551152551,3.407492034763306,3.1601942042369453,13.01272554605888,13.046579346579348,5.708835188449644,4.87024002744906,1.9663817663817664,1.925851925851926,1.151228855976149,1.0494934180752575,2024.0,2024.0,0.0,0.0,8.0,7.428571428571429,3.605551275463989,3.59894164336975,4.666666666666667,3.4285714285714284,0.5773502691896256,1.2724180205607034,31.333333333333332,28.714285714285715,15.947831618540913,15.787276371752514,3.0,2.857142857142857,1.0000000000000002,1.2149857925879117
2024-06-02,2.2857142857142856,4.038571428571428,2742.285714285714,2024.0,1.4285714285714286,6.0,1.0,2024.0,1.4285714285714286,4.428571428571429,1.0,2024,2,6,Tuesday,6,1,False,3.0097680097680097,2.63833732405161,0.6929211512848799,0.7021457541514572,4.017472527472528,3.989908620480049,0.1939396064385456,0.1318388016971023,2713.4217338217336,2702.4347594204737,46.44424231466331,301.3693314310457,2024.0,2024.0,0.0,0.0,4.337728937728938,4.88288431145574,4.237896285153869,3.4379375295584507,5.333333333333333,4.0,0.5773502691896258,1.414213562373095,1.8478632478632477,2.0419173419173418,1.4024523776185973,1.1391117451452286,2024.0,2024.0,0.0,0.0,4.035164835164835,4.569519898091326,3.9665324940767643,3.2462988274538516,11.686446886446886,11.083994312565741,7.496108988119092,5.218684600375702,1.7811965811965813,1.925851925851926,1.287029650420186,1.0494934180752575,2024.0,2024.0,0.0,0.0,6.333333333333333,7.142857142857143,5.131601439446884,3.9761191895520196,5.333333333333333,4.0,0.5773502691896258,1.414213562373095,24.333333333333332,27.571428571428573,22.18858565419016,17.251638983558856,2.3333333333333335,2.7142857142857144,1.5275252316519468,1.3801311186847085
2024-06-09,3.555555555555556,3.758888888888889,2247.1666666666665,2024.0,6.611111111111111,6.0,2.4444444444444446,2024.0,6.388888888888889,9.5,2.2777777777777777,2024,9,6,Friday,36,3,False,3.1693121693121693,2.6891309748452605,0.7672322560197015,0.760023718748369,3.999153439153439,3.9584165569879852,0.22318173425201565,0.15843234467897563,2575.8619047619045,2676.534759420473,284.665997665259,334.7774619045969,2024.0,2024.0,0.0,0.0,5.746560846560847,4.474947803519233,3.957191034073857,2.936191086323423,5.666666666666667,4.571428571428571,0.5773502691896258,1.2724180205607034,2.303703703703704,1.876837976837977,1.2393413888793117,0.9424349251621876,2024.0,2024.0,0.0,0.0,5.472486772486772,4.206027834599263,3.672491193724665,2.78606912238655,11.10952380952381,10.20304193161336,7.614383989359543,4.821542390560844,2.1814814814814816,1.7655344655344654,1.1363974555386565,0.854346343865736,2024.0,2024.0,0.0,0.0,7.666666666666667,6.857142857142857,5.131601439446884,3.7161167647860327,5.666666666666667,4.571428571428571,0.5773502691896258,1.2724180205607034,30.333333333333332,26.428571428571427,22.052966542697455,16.215806515631005,2.6666666666666665,2.5714285714285716,1.5275252316519468,1.2724180205607036
2024-07-07,4.055555555555555,3.889444444444445,2509.777777777778,2024.0,3.2222222222222223,7.0,1.4444444444444444,2024.0,3.0,10.444444444444445,1.3888888888888888,2024,7,7,Sunday,27,3,True,3.298941798941799,3.0304008161151015,0.9123993068667401,0.7607281007592195,3.8956349206349206,3.9530990966705253,0.13994399682522146,0.1602893301328232,2499.7433862433863,2581.88396576968,247.7119992832344,255.517758631758,2024.0,2024.0,0.0,0.0,3.7539682539682544,4.697170025741454,2.6318709641589315,2.7405750004490863,6.333333333333333,5.142857142857143,0.5773502691896258,1.3451854182690988,1.6296296296296298,1.9403300403300405,0.7398142353865997,0.8868485555923877,2024.0,2024.0,0.0,0.0,3.605820105820106,4.420313548884978,2.535044541471505,2.5943391853889692,8.124338624338625,10.766533995105423,3.2352766807712388,4.538845643083632,1.5555555555555554,1.821090021090021,0.6549903401417557,0.8076364679188318,2024.0,2024.0,0.0,0.0,6.0,7.428571428571429,3.605551275463989,3.309438162646486,6.333333333333333,5.142857142857143,0.5773502691896258,1.3451854182690988,23.0,29.0,15.394804318340654,14.30617582258329,2.3333333333333335,2.857142857142857,1.1547005383792517,1.0690449676496978
2024-08-04,4.8,4.01,3595.3,2024.0,2.7,8.0,1.2,2024.0,2.7,3.4,1.2,2024,4,8,Monday,15,2,False,4.137037037037037,3.4174138031280887,0.626210761401841,0.8824800908771167,3.886111111111111,3.9718003953718237,0.12558873701171483,0.1578334285914843,2784.0814814814817,2772.972277457992,714.7011700775985,419.9281239578364,2024.0,2024.0,0.0,0.0,4.177777777777778,4.199767428338857,2.1234435112992784,2.74217524833775,7.0,5.857142857142857,1.0,1.345185418269099,1.6962962962962962,1.7676027676027677,0.6593424833029241,0.8980080738932559,2024.0,2024.0,0.0,0.0,4.029629629629629,3.974859003430432,2.0486771803533146,2.581989207206196,7.781481481481481,9.5444560730275,3.823745389874219,5.260019793535424,1.622222222222222,1.6808302808302806,0.575529814954217,0.8197132050363316,2024.0,2024.0,0.0,0.0,6.666666666666667,6.571428571428571,2.5166114784235836,3.309438162646486,7.0,5.857142857142857,1.0,1.345185418269099,26.0,25.428571428571427,10.535653752852738,14.22271824531845,2.6666666666666665,2.5714285714285716,0.5773502691896257,0.9759000729485332
2024-08-11,3.869565217391304,3.981739130434783,2399.391304347826,2024.0,9.521739130434783,8.0,3.5217391304347827,2024.0,9.521739130434783,4.521739130434782,3.5217391304347827,2024,11,8,Friday,45,4,False,4.241706924315619,3.615711479686635,0.49235807116412456,0.7880190856175056,3.9603945249597423,3.956070006597957,0.06304843083686598,0.1491211238224908,2834.8230273752015,2698.842992893925,660.9010612780932,435.5103123450401,2024.0,2024.0,0.0,0.0,5.1479871175523355,5.009751325279275,3.796769549892464,3.384449012567265,7.666666666666667,6.428571428571429,0.5773502691896258,1.2724180205607043,2.0553945249597425,2.0220311089876306,1.2757598316725811,1.115171687027628,2024.0,2024.0,0.0,0.0,5.073913043478261,4.816588932116882,3.854849890055152,3.3088049330453417,6.1220611916264085,8.989360604888555,3.7850789169274255,5.594412962001873,2.036876006441224,1.9617136486701703,1.2893927352957102,1.068687809303351,2024.0,2024.0,0.0,0.0,7.333333333333333,7.142857142857143,3.5118845842842465,3.7161167647860327,7.666666666666667,6.428571428571429,0.5773502691896258,1.2724180205607043,29.0,28.0,15.099668870541498,16.062378404209014,3.0,2.7142857142857144,0.9999999999999999,1.1126972805283737
2024-09-01,2.5,3.9,1901.25,2024.0,1.0,9.0,1.0,2024.0,1.0,6.5,1.0,2024,1,9,Tuesday,2,1,False,3.723188405797101,3.533293897269053,1.156965698812788,0.8787126031393712,3.963913043478261,3.968377698905649,0.05712553747787607,0.13861128125038394,2631.980434782609,2590.4721137730453,870.6460982065596,530.7917811661164,2024.0,2024.0,0.0,0.0,4.407246376811595,4.811949127477078,4.510102780996025,3.597217853875204,8.333333333333334,7.0,0.5773502691896255,1.414213562373096,1.9072463768115941,2.0110420979986197,1.4017632248801293,1.126359951067761,2024.0,2024.0,0.0,0.0,4.407246376811595,4.662742778270728,4.510102780996025,3.478123107724927,4.807246376811594,8.31353642906438,1.5695973339682474,5.564179689662068,1.9072463768115941,1.9507246376811593,1.4017632248801293,1.0796415516403195,2024.0,2024.0,0.0,0.0,5.333333333333333,6.571428571428571,5.131601439446884,4.353433237386437,8.333333333333334,7.0,0.5773502691896255,1.414213562373096,20.666666666666668,25.714285714285715,22.052966542697458,18.652205282613686,2.3333333333333335,2.5714285714285716,1.5275252316519468,1.2724180205607036
2024-09-08,3.611111111111111,3.822777777777778,3128.9444444444443,2024.0,4.0,9.0,1.6111111111111112,2024.0,4.0,5.444444444444445,1.6111111111111112,2024,8,9,Friday,32,3,False,3.3268921095008053,3.5253573893325445,0.727676131138909,0.8775573428121937,3.9015056360708535,3.9144888100167603,0.07949137132179666,0.10206279438633672,2476.5285829307563,2646.3022725032038,617.4714827749729,568.1503701325915,2024.0,2024.0,0.0,0.0,4.840579710144929,4.069091984619935,4.322608025096231,3.0326355840076262,8.666666666666666,7.571428571428571,0.5773502691896255,1.2724180205607052,2.0442834138486314,1.7459627329192546,1.3154925858345565,0.9274834101879162,2024.0,2024.0,0.0,0.0,4.840579710144929,4.005599921127872,4.3226080250962315,3.013813158668328,5.488727858293075,6.319885635413586,0.9898736194938111,2.685146911264634,2.0442834138486314,1.7142167011732228,1.3154925858345567,0.9115771292774276,2024.0,2024.0,0.0,0.0,6.666666666666667,6.0,5.131601439446884,3.7416573867739418,8.666666666666666,7.571428571428571,0.5773502691896255,1.2724180205607052,26.333333333333332,23.285714285714285,22.052966542697455,16.03864380919083,2.6666666666666665,2.4285714285714284,1.5275252316519468,1.1338934190276817
2024-10-06,3.4444444444444446,4.266666666666667,2020.3333333333333,2024.0,2.888888888888889,10.0,1.4444444444444444,2024.0,2.888888888888889,7.555555555555555,1.4444444444444444,2024,6,10,Monday,24,2,False,3.185185185185185,3.690890269151139,0.5992107291616078,0.6950617813950645,3.9964814814814815,3.9470738440303657,0.23715152038601647,0.165177247920302,2350.1759259259256,2543.1662180814355,677.0565073508195,611.6826560327953,2024.0,2024.0,0.0,0.0,2.62962962962963,4.277708764665286,1.5167107577365417,2.8663901608753664,9.333333333333334,8.142857142857142,0.5773502691896255,1.3451854182691005,1.3518518518518519,1.8094547964113181,0.3159022612820746,0.8820040666514235,2024.0,2024.0,0.0,0.0,2.6296296296296298,4.214216701173223,1.5167107577365406,2.8518923391272235,6.5,6.766597653554176,1.0555555555555454,2.575947493736561,1.3518518518518519,1.7777087646652863,0.31590226128207527,0.8679756193878635,2024.0,2024.0,0.0,0.0,5.0,6.571428571428571,3.605551275463989,3.309438162646487,9.333333333333334,8.142857142857142,0.5773502691896255,1.3451854182691005,19.333333333333332,25.857142857142858,15.534906930308063,14.135399669253212,2.0,2.5714285714285716,1.0,0.9759000729485332
2024-11-03,3.75,3.69875,1850.0,2024.0,1.875,11.0,1.0,2024.0,1.875,7.25,1.0,2024,3,11,Monday,11,1,False,3.6018518518518516,3.7186680469289164,0.15298807075794368,0.6926329620544115,3.9293981481481484,3.938482574189096,0.2985938087149176,0.1776868144297567,2333.0925925925926,2486.42812284334,694.4699336062918,660.2099693078527,2024.0,2024.0,0.0,0.0,2.921296296296297,3.6011214630779844,1.0628706083250024,2.781516540393474,10.0,8.857142857142858,0.9999999999999998,1.3451854182691005,1.3518518518518519,1.6031055900621118,0.3159022612820746,0.8776419439930421,2024.0,2024.0,0.0,0.0,2.9212962962962963,3.569375431331953,1.062870608325001,2.7878227254683137,6.75,6.445169082125604,1.1409195987729266,2.304054690402897,1.3518518518518519,1.595169082125604,0.31590226128207527,0.8795649312738429,2024.0,2024.0,0.0,0.0,5.666666666666667,5.714285714285714,2.5166114784235836,3.3523268393901033,10.0,8.857142857142858,0.9999999999999998,1.3451854182691005,22.333333333333332,22.285714285714285,10.5987420637231,14.302846869467235,2.0,2.2857142857142856,1.0,1.1126972805283732
2024-11-10,3.0,4.025714285714286,3076.0714285714284,2024.0,6.857142857142857,11.0,2.5,2024.0,6.857142857142857,8.285714285714286,2.5,2024,10,11,Friday,41,4,False,3.3981481481481484,3.5678743961352657,0.3771372565632632,0.7213716117133878,3.997043650793651,3.9579496943705017,0.28504181982563326,0.17887960386939414,2315.468253968254,2567.3272158138616,664.1846528063046,697.2068799073766,2024.0,2024.0,0.0,0.0,3.873677248677249,4.1203958394952185,2.633019739277677,3.027419008681526,10.666666666666666,9.428571428571429,0.5773502691896255,1.2724180205607052,1.6481481481481481,1.7538992408557625,0.770468298619064,0.9346663788706191,2024.0,2024.0,0.0,0.0,3.8736772486772484,4.120395839495218,2.633019739277677,3.0274190086815254,7.697089947089947,6.136779059449867,0.5321653957167831,1.7597196973006222,1.6481481481481481,1.7538992408557625,0.7704682986190643,0.9346663788706193,2024.0,2024.0,0.0,0.0,6.333333333333333,6.142857142857143,3.5118845842842465,3.716116764786033,10.666666666666666,9.428571428571429,0.5773502691896255,1.2724180205607052,25.333333333333332,24.285714285714285,15.044378795195678,15.955294687702533,2.3333333333333335,2.4285714285714284,1.5275252316519468,1.2724180205607034
2024-12-01,3.5,4.9,2398.0,2024.0,1.0,12.0,1.0,2024.0,1.0,8.5,1.0,2024,1,12,Friday,2,1,False,3.4166666666666665,3.38216011042098,0.381881307912985,0.4773724736581394,4.208154761904762,4.08509255151336,0.6210586012120399,0.40074511376646693,2441.357142857143,2396.2843586710046,614.1845556242412,529.7387168016263,2024.0,2024.0,0.0,0.0,3.244047619047619,3.8775386966380756,3.1594697576745165,3.2222684513704523,11.333333333333334,10.0,0.5773502691896255,1.4142135623730963,1.5,1.725327812284334,0.8660254037844389,0.9572053810768367,2024.0,2024.0,0.0,0.0,3.2440476190476186,3.8775386966380756,3.1594697576745165,3.222268451370452,8.011904761904761,6.865350488021295,0.6684711972079114,1.4696269246707825,1.5,1.725327812284334,0.8660254037844393,0.957205381076837,2024.0,2024.0,0.0,0.0,4.666666666666667,5.714285714285714,4.725815626252609,4.1518785191880605,11.333333333333334,10.0,0.5773502691896255,1.4142135623730963,18.0,22.428571428571427,20.42057785666214,17.859237972331883,2.0,2.2857142857142856,1.7320508075688772,1.3801311186847083
2024-12-08,3.5,4.031428571428571,2980.428571428572,2024.0,4.928571428571429,12.0,1.9285714285714288,2024.0,4.928571428571429,8.5,1.9285714285714288,2024,8,12,Monday,33,3,False,3.3333333333333335,3.3293650793650795,0.28867513459481065,0.43284295954861707,4.319047619047619,4.092191043083901,0.503127632878563,0.3990457472266488,2818.1666666666665,2479.2896825396824,367.00396437088483,573.9808751350394,2024.0,2024.0,0.0,0.0,4.261904761904762,3.221371882086168,2.984939521259724,2.1806677449531358,11.666666666666666,10.571428571428571,0.5773502691896255,1.2724180205607039,1.8095238095238095,1.497732426303855,0.7570530045516499,0.5699516901925277,2024.0,2024.0,0.0,0.0,4.261904761904762,3.2213718820861676,2.9849395212597245,2.180667744953135,8.428571428571429,7.433673469387755,0.12371791482626919,1.1458219422364224,1.8095238095238095,1.497732426303855,0.7570530045516503,0.569951690192528,2024.0,2024.0,0.0,0.0,6.333333333333333,5.285714285714286,4.725815626252609,3.6384193323605842,11.666666666666666,10.571428571428571,0.5773502691896255,1.2724180205607039,25.333333333333332,20.714285714285715,20.5993527406405,15.787276371752517,2.6666666666666665,2.142857142857143,1.5275252316519468,1.2149857925879115
2025-01-05,5.0,4.2,3331.333333333333,2025.0,1.0,1.0,1.0,2024.0,12.0,27.0,4.0,2025,5,1,Thursday,18,2,False,4.0,3.6865079365079367,0.8660254037844386,0.623756847137073,4.377142857142857,4.135048185941043,0.4605852532487374,0.390993026700512,2903.253968253968,2683.5873015873017,471.4283798300077,588.275751434114,2024.3333333333333,2024.142857142857,0.5773502691896586,0.37796447300923436,2.30952380952381,3.221371882086168,2.2681617718163896,2.1806677449531358,8.333333333333334,9.428571428571429,6.3508529610858835,3.8668308667927227,1.3095238095238095,1.497732426303855,0.5361109642475105,0.5699516901925277,2024.0,2024.0,0.0,0.0,5.976190476190477,4.792800453514739,5.574327695040962,3.7277333414928338,14.666666666666666,10.362244897959183,10.680979980008077,7.41407581349209,2.3095238095238098,1.9263038548752835,1.5358527069400134,1.0549060567480641,2024.3333333333333,2024.142857142857,0.5773502691896586,0.37796447300923436,4.666666666666667,5.857142857142857,3.5118845842842465,3.1320159337914957,8.333333333333334,9.428571428571429,6.3508529610858835,3.8668308667927227,17.666666666666668,23.0,15.502687938977983,13.638181696985859,2.0,2.2857142857142856,1.0000000000000002,1.1126972805283732
2025-01-12,5.0,4.246153846153846,3120.6153846153848,2025.0,1.0,1.2307692307692308,1.0,2024.0,12.0,27.23076923076923,4.0,2025,12,1,Monday,49,4,False,4.5,3.884920634920635,0.8660254037844386,0.793561502913621,4.159194139194139,4.195530481423338,0.11302908744451974,0.36662382742619176,3144.1257631257636,2682.397435897436,176.62981459860038,587.2323232121782,2024.6666666666667,2024.2857142857142,0.5773502691896586,0.48795003647430446,2.30952380952381,2.7928004535147397,2.2681617718163896,2.2939917135158643,4.743589743589744,8.31868131868132,6.285294819375575,4.968426657856009,1.3095238095238095,1.4104308390022677,0.5361109642475105,0.5959028789615493,2024.0,2024.0,0.0,0.0,9.642857142857144,5.9356575963718825,4.082691189269496,4.5743544315486195,20.91025641025641,13.474577010291297,10.748216676998105,9.330659092771256,3.3095238095238098,2.2675736961451247,1.1959398433213677,1.295027299328964,2024.6666666666667,2024.2857142857142,0.5773502691896586,0.48795003647430446,8.333333333333334,6.428571428571429,3.5118845842842465,3.8668308667927227,4.666666666666667,8.285714285714286,6.350852961085884,5.023753102820166,33.333333333333336,25.428571428571427,15.502687938977978,16.68189780228,3.0,2.4285714285714284,1.0000000000000007,1.2724180205607034
2025-02-02,5.0,4.384615384615385,2488.4615384615386,2025.0,1.0,1.9230769230769231,1.0,2024.0,12.0,27.923076923076923,4.0,2025,2,2,Sunday,5,1,True,5.0,4.107142857142857,0.0,0.8643053913541258,4.276923076923077,4.212380298273156,0.09607689228304842,0.3730914799547259,2980.136752136752,2749.272893772894,438.6443893234024,522.338775269289,2025.0,2024.4285714285713,0.0,0.534522483824907,1.0,2.522959183673469,0.0,2.3898949834814873,1.3846153846153848,7.164835164835165,0.4803844614152798,5.429379602015157,1.0,1.346938775510204,0.0,0.6150446190171281,2024.0,2024.0,0.0,0.0,12.0,7.237244897959185,0.0,4.850822155376383,27.384615384615387,16.384222919937205,0.4803844614152671,10.302339978087499,4.0,2.6326530612244903,0.0,1.3816266240485822,2025.0,2024.4285714285713,0.0,0.534522483824907,6.333333333333333,5.857142857142857,5.131601439446884,4.220133150686577,1.3333333333333333,7.142857142857143,0.5773502691896258,5.459809869356608,24.0,22.714285714285715,22.60530911091463,18.409366146197485,2.3333333333333335,2.2857142857142856,1.5275252316519465,1.3801311186847083
2025-02-09,5.0,4.430769230769231,2277.74358974359,2025.0,1.0,2.153846153846154,1.0,2024.0,12.0,28.15384615384616,4.0,2025,9,2,Tuesday,36,3,False,5.0,4.285714285714286,0.0,0.9063269671749652,4.3538461538461535,4.316954474097331,0.09607689228304886,0.30069664926531037,2628.9401709401714,2810.3791208791213,438.6443893234019,413.22655752111467,2025.0,2024.5714285714287,0.0,0.534522483824907,1.0,2.397959183673469,0.0,2.4515222061625455,1.7692307692307694,5.901098901098901,0.48038446141527885,5.417430099873044,1.0,1.346938775510204,0.0,0.6150446190171281,2024.0,2024.0,0.0,0.0,12.0,8.683673469387756,0.0,4.480846832708346,27.769230769230774,19.370486656200942,0.480384461415272,10.2428418838393,4.0,3.0612244897959187,0.0,1.2497813219798404,2025.0,2024.5714285714287,0.0,0.534522483824907,7.666666666666667,6.714285714285714,5.131601439446884,4.1518785191880605,1.6666666666666667,5.857142857142857,0.5773502691896258,5.459809869356608,30.0,26.285714285714285,22.60530911091463,18.18162337557977,2.6666666666666665,2.5714285714285716,1.5275252316519468,1.2724180205607034
2025-03-02,5.0,4.569230769230769,1645.5897435897436,2025.0,1.0,2.8461538461538463,1.0,2024.0,12.0,28.846153846153847,4.0,2025,2,3,Monday,6,1,False,5.0,4.571428571428571,0.0,0.7319250547113992,4.461538461538463,4.394599686028258,0.09607689228304948,0.2825868239681927,2137.2649572649575,2606.0245944531657,438.64438932340113,579.9933348508387,2025.0,2024.7142857142858,0.0,0.48795003647430446,1.0,1.5612244897959184,0.0,1.4848604296791106,2.307692307692308,4.736263736263736,0.48038446141527713,4.99878824426089,1.0,1.1326530612244898,0.0,0.35096701065142544,2024.0,2024.0,0.0,0.0,12.0,9.418367346938776,0.0,4.552495871375627,28.30769230769231,22.30769230769231,0.4803844614152696,9.451813847609458,4.0,3.275510204081633,0.0,1.2660054025557277,2025.0,2024.7142857142858,0.0,0.48795003647430446,4.333333333333333,5.571428571428571,4.041451884327381,4.197504927816956,2.3333333333333335,4.714285714285714,0.5773502691896257,5.023753102820166,15.666666666666666,21.285714285714285,17.61628034896508,18.273061098369972,1.6666666666666667,2.142857142857143,1.1547005383792508,1.2149857925879115
2025-03-09,5.0,4.615384615384615,1434.871794871795,2025.0,1.0,3.076923076923077,1.0,2024.0,12.0,29.07692307692308,4.0,2025,9,3,Wednesday,36,3,False,5.0,4.785714285714286,0.0,0.5669467095138401,4.538461538461537,4.353940345368917,0.09607689228305072,0.20851703058774027,1786.0683760683762,2468.434850863422,438.64438932340073,731.910934484816,2025.0,2024.857142857143,0.0,0.37796447300923436,1.0,1.5612244897959184,0.0,1.4848604296791106,2.692307692307692,3.461538461538462,0.4803844614152759,3.8415356889796284,1.0,1.1326530612244898,0.0,0.35096701065142544,2024.0,2024.0,0.0,0.0,12.0,10.989795918367347,0.0,2.672748773422392,28.692307692307697,25.24725274725275,0.48038446141526775,7.424101734189412,4.0,3.7040816326530615,0.0,0.782926408376255,2025.0,2024.857142857143,0.0,0.37796447300923436,6.666666666666667,6.714285714285714,4.041451884327381,3.8172540616821116,2.6666666666666665,3.4285714285714284,0.5773502691896257,3.8668308667927227,26.0,26.142857142857142,17.32050807568877,16.747423398128756,2.3333333333333335,2.4285714285714284,1.1547005383792512,1.1338934190276815
2025-04-06,5.0,4.8,592.0,2025.0,1.0,4.0,1.0,2024.0,12.0,30.0,4.0,2025,6,4,Wednesday,23,2,False,5.0,5.0,0.0,0.0,4.661538461538462,4.463736263736264,0.12211159897221267,0.21269911361644125,1224.1538461538464,2127.230769230769,557.5072890853523,971.089619833294,2025.0,2025.0,0.0,0.0,1.0,1.0,0.0,0.0,3.307692307692308,2.318681318681319,0.6105579948610694,1.0634955680822409,1.0,1.0,0.0,0.0,2024.0,2024.0,0.0,0.0,12.0,12.0,0.0,0.0,29.30769230769231,28.31868131868132,0.6105579948610627,1.0634955680821998,4.0,4.0,0.0,0.0,2025.0,2025.0,0.0,0.0,5.666666666666667,6.428571428571429,3.5118845842842465,3.7796447300922726,3.3333333333333335,2.2857142857142856,0.5773502691896257,1.1126972805283768,21.666666666666668,24.714285714285715,15.044378795195673,16.489534920814535,2.0,2.2857142857142856,0.9999999999999993,1.1126972805283732
2025-05-04,5.6,3.97,3982.6,2025.0,1.0,5.0,1.0,2024.0,12.0,29.8,4.0,2025,4,5,Saturday,14,2,True,5.2,5.085714285714286,0.34641016151377513,0.22677868380553629,4.461794871794871,4.430879120879121,0.43579508602320366,0.27021812672384304,2003.1572649572652,2220.2688644688646,1765.2912993703608,1124.72438741942,2025.0,2025.0,0.0,0.0,1.0,1.0,0.0,0.0,4.0256410256410255,2.8901098901098905,0.9617948376159566,1.2878258231620812,1.0,1.0,0.0,0.0,2024.0,2024.0,0.0,0.0,12.0,12.0,0.0,0.0,29.625641025641027,28.71868131868132,0.48561151184246854,1.0100760330595164,4.0,4.0,0.0,0.0,2025.0,2025.0,0.0,0.0,6.333333333333333,6.285714285714286,2.516611478423583,3.8606685826112956,4.0,2.857142857142857,0.9999999999999999,1.3451854182691012,24.333333333333332,24.142857142857142,11.060440015358033,16.826849293401818,2.3333333333333335,2.2857142857142856,0.5773502691896251,1.1126972805283732
